INSERT INTO public.clienti (name) VALUES ('Corte d''Appello');
INSERT INTO public.clienti (name) VALUES ('Montedomini');

INSERT INTO public.postazioni (id, cliente, name) VALUES (1, 'Corte d''Appello', 'Sala-controllo');
INSERT INTO public.postazioni (id, cliente, name) VALUES (2, 'Corte d''Appello', 'Tornelli-S.Donato');
INSERT INTO public.postazioni (id, cliente, name) VALUES (3, 'Corte d''Appello', 'Tornelli-Peretola');
INSERT INTO public.postazioni (id, cliente, name) VALUES (4, 'Corte d''Appello', 'Parcheggio-S.Donato');
INSERT INTO public.postazioni (id, cliente, name) VALUES (5, 'Corte d''Appello', 'Parcheggio-Peretola');
INSERT INTO public.postazioni (id, cliente, name) VALUES (6, 'Corte d''Appello', 'Parcheggio-3pini');
INSERT INTO public.postazioni (id, cliente, name) VALUES (7, 'Corte d''Appello', 'Aula-bunker');
INSERT INTO public.postazioni (id, cliente, name) VALUES (19, 'Montedomini', 'Desk');
INSERT INTO public.postazioni (id, cliente, name) VALUES (10, 'Corte d''Appello', 'Ufficio');
INSERT INTO public.postazioni (id, cliente, name) VALUES (22, 'Corte d''Appello', 'Jolly');
INSERT INTO public.postazioni (id, cliente, name) VALUES (24, 'Corte d''Appello', 'Casellario');
INSERT INTO public.postazioni (id, cliente, name) VALUES (27, 'Corte d''Appello', 'Aule');
INSERT INTO public.postazioni (id, cliente, name) VALUES (28, 'Corte d''Appello', 'Centralino');
INSERT INTO public.postazioni (id, cliente, name) VALUES (29, 'Corte d''Appello', 'PAUSA');

INSERT INTO public.users (id, name, password, permessi, pages) VALUES (1, 'admin', '$2a$10$cLLMrZEMQCU44vy7Sqsb/uQJDo3vCXV/kUR5Zgm7CvaOQQw08Q6Yu', -1, -1);
INSERT INTO public.users (id, name, password, permessi, pages) VALUES (2, 'gta', '$2a$10$jeaqS/p1a4vUh9PTL/PdRepyJVZWqok7VsQK/HY4xI4SAco0ZktvG', 13, 1);
INSERT INTO public.users (id, name, password, permessi, pages) VALUES (3, 'GTA', '$2a$10$jeaqS/p1a4vUh9PTL/PdRepyJVZWqok7VsQK/HY4xI4SAco0ZktvG', 13, 1);
INSERT INTO public.users (id, name, password, permessi, pages) VALUES (4, 'Tornelli-SD', '$2a$10$Qz5m9H2lTeSLqGZAuP0p1ewfAjh.iMNF4XdSOpX5Rm2MrzBo.yKOi', 1, 1);
INSERT INTO public.users (id, name, password, permessi, pages) VALUES (5, 'Tornelli-CRF', '$2a$10$mVM.MBrFiO.f/dqNvcTqKOPhF82hRWcSKwqJkZhuLS/IdNx5HHn7.', 0, 1);
INSERT INTO public.users (id, name, password, permessi, pages) VALUES (6, 'Parcheggio-SD', '$2a$10$KszV3m2v9e0b21q1n.5pvu1.NmTyc5n1Ud5X1UbcdHJXLEVZAqGSa', 0, 1);
INSERT INTO public.users (id, name, password, permessi, pages) VALUES (7, 'Parcheggio-CRF', '$2a$10$lEBEMaOH7fn/.rnivkaCROR1SfKglXLAYU7gV5BCfHEoamNYkxQdi', 0, 1);
INSERT INTO public.users (id, name, password, permessi, pages) VALUES (8, 'Parcheggio-3P', '$2a$10$.T1Hem7K/9snpGU17PccUeu3iAj8vc.iuOd/au4IXW2.Ik1c.MXmK', 0, 1);
INSERT INTO public.users (id, name, password, permessi, pages) VALUES (12, 'Ufficio-V', '$2a$10$dkVqdnG2FTkENOhwRMo1XOJYbZkjKRSXxvU/gC/bqvK9fw8tOmrZe', 6, 9);
INSERT INTO public.users (id, name, password, permessi, pages) VALUES (13, 'Sala-controllo', '$2a$10$2GxaNgWCYVOwjdiIBrph2.jHSYVOH45aFv99Pp6URJvGc7isJYT8q', 0, 1);
INSERT INTO public.users (id, name, password, permessi, pages) VALUES (14, 'Aula-bunker', '$2a$10$cLLMrZEMQCU44vy7Sqsb/uQJDo3vCXV/kUR5Zgm7CvaOQQw08Q6Yu', 0, 1);

INSERT INTO public.postazioni_user (usr_id, post_id) VALUES (2, 1);
INSERT INTO public.postazioni_user (usr_id, post_id) VALUES (2, 2);
INSERT INTO public.postazioni_user (usr_id, post_id) VALUES (3, 1);
INSERT INTO public.postazioni_user (usr_id, post_id) VALUES (3, 2);
INSERT INTO public.postazioni_user (usr_id, post_id) VALUES (3, 5);
INSERT INTO public.postazioni_user (usr_id, post_id) VALUES (4, 2);
INSERT INTO public.postazioni_user (usr_id, post_id) VALUES (5, 3);
INSERT INTO public.postazioni_user (usr_id, post_id) VALUES (6, 4);
INSERT INTO public.postazioni_user (usr_id, post_id) VALUES (7, 5);
INSERT INTO public.postazioni_user (usr_id, post_id) VALUES (8, 6);
INSERT INTO public.postazioni_user (usr_id, post_id) VALUES (12, 1);
INSERT INTO public.postazioni_user (usr_id, post_id) VALUES (12, 2);
INSERT INTO public.postazioni_user (usr_id, post_id) VALUES (12, 3);
INSERT INTO public.postazioni_user (usr_id, post_id) VALUES (12, 4);
INSERT INTO public.postazioni_user (usr_id, post_id) VALUES (12, 5);
INSERT INTO public.postazioni_user (usr_id, post_id) VALUES (12, 6);
INSERT INTO public.postazioni_user (usr_id, post_id) VALUES (12, 7);
INSERT INTO public.postazioni_user (usr_id, post_id) VALUES (12, 10);
INSERT INTO public.postazioni_user (usr_id, post_id) VALUES (13, 1);
INSERT INTO public.postazioni_user (usr_id, post_id) VALUES (4, 22);
INSERT INTO public.postazioni_user (usr_id, post_id) VALUES (4, 24);
INSERT INTO public.postazioni_user (usr_id, post_id) VALUES (4, 27);
INSERT INTO public.postazioni_user (usr_id, post_id) VALUES (5, 28);
INSERT INTO public.postazioni_user (usr_id, post_id) VALUES (14, 7);

INSERT INTO public.nominativi (codice, descrizione, stato, assegnazione, cliente, scadenza, nome, cognome, ditta, telefono, ndoc, tdoc, zuc_cod) VALUES (199337773, 'BADGE MARCATEMPO', 'VALIDO', 'PORTINERIA', 'Corte d''Appello', NULL, 'PATRIZIO', 'PESCE', 'OPEROSA', NULL, NULL, NULL, NULL);
INSERT INTO public.nominativi (codice, descrizione, stato, assegnazione, cliente, scadenza, nome, cognome, ditta, telefono, ndoc, tdoc, zuc_cod) VALUES (193752869, 'BADGE MARCATEMPO', 'VALIDO', 'PORTINERIA', 'Corte d''Appello', NULL, 'ANDREA', 'PUCCI', 'OPEROSA', NULL, NULL, NULL, NULL);
INSERT INTO public.nominativi (codice, descrizione, stato, assegnazione, cliente, scadenza, nome, cognome, ditta, telefono, ndoc, tdoc, zuc_cod) VALUES (132218918, 'BADGE MARCATEMPO', 'VALIDO', 'PORTINERIA', 'Corte d''Appello', NULL, 'NICULINA', 'BUHUCEANU', 'OPEROSA', NULL, NULL, NULL, NULL);
INSERT INTO public.nominativi (codice, descrizione, stato, assegnazione, cliente, scadenza, nome, cognome, ditta, telefono, ndoc, tdoc, zuc_cod) VALUES (114680088, 'BADGE MARCATEMPO', 'VALIDO', 'PORTINERIA', 'Corte d''Appello', NULL, 'ANTONIO', 'SAPORITO', 'OPEROSA', NULL, NULL, NULL, NULL);
INSERT INTO public.nominativi (codice, descrizione, stato, assegnazione, cliente, scadenza, nome, cognome, ditta, telefono, ndoc, tdoc, zuc_cod) VALUES (145545996, 'BADGE MARCATEMPO', 'VALIDO', 'PORTINERIA', 'Corte d''Appello', NULL, 'LEANDRO', 'GHELARDONI', 'OPEROSA', NULL, NULL, NULL, NULL);
INSERT INTO public.nominativi (codice, descrizione, stato, assegnazione, cliente, scadenza, nome, cognome, ditta, telefono, ndoc, tdoc, zuc_cod) VALUES (137703094, 'BADGE MARCATEMPO', 'VALIDO', 'PORTINERIA', 'Corte d''Appello', NULL, 'ANTONIO', 'BASTA', 'OPEROSA', NULL, NULL, NULL, NULL);
INSERT INTO public.nominativi (codice, descrizione, stato, assegnazione, cliente, scadenza, nome, cognome, ditta, telefono, ndoc, tdoc, zuc_cod) VALUES (118944562, 'BADGE MARCATEMPO', 'VALIDO', 'PORTINERIA', 'Corte d''Appello', NULL, 'LETIZIA', 'ALBANESE', 'OPEROSA', NULL, NULL, NULL, NULL);
INSERT INTO public.nominativi (codice, descrizione, stato, assegnazione, cliente, scadenza, nome, cognome, ditta, telefono, ndoc, tdoc, zuc_cod) VALUES (190695460, 'BADGE MARCATEMPO', 'VALIDO', 'PORTINERIA', 'Corte d''Appello', NULL, 'MATTEO', 'DAL CORTIVO', 'OPEROSA', NULL, NULL, NULL, NULL);
INSERT INTO public.nominativi (codice, descrizione, stato, assegnazione, cliente, scadenza, nome, cognome, ditta, telefono, ndoc, tdoc, zuc_cod) VALUES (111705090, 'BADGE MARCATEMPO', 'VALIDO', 'PORTINERIA', 'Corte d''Appello', NULL, 'CONCETTA', 'GAZANEO', 'OPEROSA', NULL, NULL, NULL, NULL);
INSERT INTO public.nominativi (codice, descrizione, stato, assegnazione, cliente, scadenza, nome, cognome, ditta, telefono, ndoc, tdoc, zuc_cod) VALUES (174073589, 'BADGE MARCATEMPO', 'VALIDO', 'PORTINERIA', 'Corte d''Appello', NULL, 'ANDREA', 'MECHI', 'OPEROSA', NULL, NULL, NULL, NULL);
INSERT INTO public.nominativi (codice, descrizione, stato, assegnazione, cliente, scadenza, nome, cognome, ditta, telefono, ndoc, tdoc, zuc_cod) VALUES (116957269, 'BADGE MARCATEMPO', 'VALIDO', 'PORTINERIA', 'Corte d''Appello', NULL, 'EMILJANA', 'RROKAJ', 'OPEROSA', NULL, NULL, NULL, NULL);
INSERT INTO public.nominativi (codice, descrizione, stato, assegnazione, cliente, scadenza, nome, cognome, ditta, telefono, ndoc, tdoc, zuc_cod) VALUES (110394775, 'BADGE MARCATEMPO', 'VALIDO', 'PORTINERIA', 'Corte d''Appello', NULL, 'MANUEL', 'SCIONI', 'OPEROSA', NULL, NULL, NULL, NULL);
INSERT INTO public.nominativi (codice, descrizione, stato, assegnazione, cliente, scadenza, nome, cognome, ditta, telefono, ndoc, tdoc, zuc_cod) VALUES (198796235, 'BADGE MARCATEMPO', 'VALIDO', 'PORTINERIA', 'Corte d''Appello', NULL, 'GABRIELE', 'SARTI', 'OPEROSA', NULL, NULL, NULL, NULL);
INSERT INTO public.nominativi (codice, descrizione, stato, assegnazione, cliente, scadenza, nome, cognome, ditta, telefono, ndoc, tdoc, zuc_cod) VALUES (114311005, 'BADGE MARCATEMPO', 'VALIDO', 'PORTINERIA', 'Corte d''Appello', NULL, 'ALESSANDRO', 'PESCIOTTI', 'VIVENDA', NULL, NULL, NULL, '434713');
INSERT INTO public.nominativi (codice, descrizione, stato, assegnazione, cliente, scadenza, nome, cognome, ditta, telefono, ndoc, tdoc, zuc_cod) VALUES (116785662, 'BADGE MARCATEMPO', 'VALIDO', 'PORTINERIA', 'Corte d''Appello', NULL, 'ANGELO', 'MARTONE', 'VIVENDA', NULL, NULL, NULL, '434710');
INSERT INTO public.nominativi (codice, descrizione, stato, assegnazione, cliente, scadenza, nome, cognome, ditta, telefono, ndoc, tdoc, zuc_cod) VALUES (195121620, 'BADGE MARCATEMPO', 'VALIDO', 'PORTINERIA', 'Corte d''Appello', NULL, 'ALESSANDRO', 'PANDOLFI', 'VIVENDA', NULL, NULL, NULL, '434712');
INSERT INTO public.nominativi (codice, descrizione, stato, assegnazione, cliente, scadenza, nome, cognome, ditta, telefono, ndoc, tdoc, zuc_cod) VALUES (118947684, 'BADGE MARCATEMPO', 'VALIDO', 'PORTINERIA', 'Corte d''Appello', NULL, 'DANIELE', 'GANGUZZA', 'VIVENDA', NULL, NULL, NULL, '434706');
INSERT INTO public.nominativi (codice, descrizione, stato, assegnazione, cliente, scadenza, nome, cognome, ditta, telefono, ndoc, tdoc, zuc_cod) VALUES (118670640, 'BADGE MARCATEMPO', 'VALIDO', 'PORTINERIA', 'Corte d''Appello', NULL, 'RAISSA', 'CILIBERTI', 'VIVENDA', NULL, NULL, NULL, '434704');
INSERT INTO public.nominativi (codice, descrizione, stato, assegnazione, cliente, scadenza, nome, cognome, ditta, telefono, ndoc, tdoc, zuc_cod) VALUES (152102698, 'BADGE MARCATEMPO', 'VALIDO', 'PORTINERIA', 'Corte d''Appello', NULL, 'EMANUELE', 'MASI', 'VIVENDA', NULL, NULL, NULL, '434711');
INSERT INTO public.nominativi (codice, descrizione, stato, assegnazione, cliente, scadenza, nome, cognome, ditta, telefono, ndoc, tdoc, zuc_cod) VALUES (117290222, 'BADGE MARCATEMPO', 'VALIDO', 'PORTINERIA', 'Corte d''Appello', NULL, 'GIUSEPPE', 'TABASCO', 'VIVENDA', NULL, NULL, NULL, '434714');
INSERT INTO public.nominativi (codice, descrizione, stato, assegnazione, cliente, scadenza, nome, cognome, ditta, telefono, ndoc, tdoc, zuc_cod) VALUES (110125219, 'BADGE MARCATEMPO', 'VALIDO', 'PORTINERIA', 'Corte d''Appello', NULL, 'CLAUDIA', 'TARDUCCI', 'OPEROSA', NULL, NULL, NULL, NULL);
INSERT INTO public.nominativi (codice, descrizione, stato, assegnazione, cliente, scadenza, nome, cognome, ditta, telefono, ndoc, tdoc, zuc_cod) VALUES (112273971, 'BADGE MARCATEMPO', 'VALIDO', 'PORTINERIA', 'Corte d''Appello', NULL, 'ALDO', 'TRONCONI', 'OPEROSA', NULL, NULL, NULL, NULL);
INSERT INTO public.nominativi (codice, descrizione, stato, assegnazione, cliente, scadenza, nome, cognome, ditta, telefono, ndoc, tdoc, zuc_cod) VALUES (192964377, 'BADGE MARCATEMPO', 'VALIDO', 'PORTINERIA', 'Corte d''Appello', NULL, 'ALESSIO', 'SILVESTRI', 'VIVENDA', NULL, NULL, NULL, '434718');
INSERT INTO public.nominativi (codice, descrizione, stato, assegnazione, cliente, scadenza, nome, cognome, ditta, telefono, ndoc, tdoc, zuc_cod) VALUES (153594482, 'BADGE MARCATEMPO', 'VALIDO', 'PORTINERIA', 'Corte d''Appello', NULL, 'SAURO', 'INNOCENTI', 'VIVENDA', NULL, NULL, NULL, '434709');
INSERT INTO public.nominativi (codice, descrizione, stato, assegnazione, cliente, scadenza, nome, cognome, ditta, telefono, ndoc, tdoc, zuc_cod) VALUES (119098885, 'BADGE MARCATEMPO', 'VALIDO', 'PORTINERIA', 'Corte d''Appello', NULL, 'ALESSIO', 'IANNOTTA', 'VIVENDA', NULL, NULL, NULL, '434708');
INSERT INTO public.nominativi (codice, descrizione, stato, assegnazione, cliente, scadenza, nome, cognome, ditta, telefono, ndoc, tdoc, zuc_cod) VALUES (113161709, 'BADGE MARCATEMPO', 'VALIDO', 'PORTINERIA', 'Corte d''Appello', NULL, 'ALESSIO', 'BENUCCI', 'OPEROSA', NULL, NULL, NULL, NULL);
INSERT INTO public.nominativi (codice, descrizione, stato, assegnazione, cliente, scadenza, nome, cognome, ditta, telefono, ndoc, tdoc, zuc_cod) VALUES (148713488, 'BADGE MARCATEMPO', 'VALIDO', 'PORTINERIA', 'Corte d''Appello', NULL, 'MARLENY', 'EGAS', 'VIVENDA', NULL, NULL, NULL, '434716');
INSERT INTO public.nominativi (codice, descrizione, stato, assegnazione, cliente, scadenza, nome, cognome, ditta, telefono, ndoc, tdoc, zuc_cod) VALUES (187080139, 'BADGE MARCATEMPO', 'VALIDO', 'PORTINERIA', 'Corte d''Appello', NULL, 'GIUSEPPE', 'GRECO', 'VIVENDA', NULL, NULL, NULL, '434717');
INSERT INTO public.nominativi (codice, descrizione, stato, assegnazione, cliente, scadenza, nome, cognome, ditta, telefono, ndoc, tdoc, zuc_cod) VALUES (118566131, 'BADGE MARCATEMPO', 'VALIDO', 'PORTINERIA', 'Corte d''Appello', NULL, 'ANGELO', 'IACOPINI', 'VIVENDA', NULL, NULL, NULL, '434707');
INSERT INTO public.nominativi (codice, descrizione, stato, assegnazione, cliente, scadenza, nome, cognome, ditta, telefono, ndoc, tdoc, zuc_cod) VALUES (187393809, 'BADGE MARCATEMPO', 'VALIDO', 'PORTINERIA', 'Corte d''Appello', NULL, 'ARMANDO', 'DI RUOCCO', 'VIVENDA', NULL, NULL, NULL, '434705');
INSERT INTO public.nominativi (codice, descrizione, stato, assegnazione, cliente, scadenza, nome, cognome, ditta, telefono, ndoc, tdoc, zuc_cod) VALUES (110499965, 'BADGE MARCATEMPO', 'VALIDO', 'PULIZIE', 'Corte d''Appello', NULL, 'RAMONA', 'BROSO', 'VIVENDA', NULL, NULL, NULL, '434715');
INSERT INTO public.nominativi (codice, descrizione, stato, assegnazione, cliente, scadenza, nome, cognome, ditta, telefono, ndoc, tdoc, zuc_cod) VALUES (116675522, 'BADGE MARCATEMPO', 'VALIDO', 'PORTINERIA', 'Corte d''Appello', NULL, 'STEFANO', 'CANINO', 'HUMANGEST', NULL, NULL, NULL, NULL);
INSERT INTO public.nominativi (codice, descrizione, stato, assegnazione, cliente, scadenza, nome, cognome, ditta, telefono, ndoc, tdoc, zuc_cod) VALUES (140552877, 'BADGE MARCATEMPO', 'VALIDO', 'PORTINERIA', 'Corte d''Appello', NULL, 'SARA', 'GREMENTIERI', 'HUMANGEST', NULL, NULL, NULL, NULL);
INSERT INTO public.nominativi (codice, descrizione, stato, assegnazione, cliente, scadenza, nome, cognome, ditta, telefono, ndoc, tdoc, zuc_cod) VALUES (147962387, 'BADGE MARCATEMPO', 'VALIDO', 'PORTINERIA', 'Corte d''Appello', NULL, 'DARIA', 'MACALUSO', 'VIVENDA', NULL, NULL, NULL, '434720');
INSERT INTO public.nominativi (codice, descrizione, stato, assegnazione, cliente, scadenza, nome, cognome, ditta, telefono, ndoc, tdoc, zuc_cod) VALUES (147344763, 'BADGE MARCATEMPO', 'VALIDO', 'PORTINERIA', 'Corte d''Appello', NULL, 'ERIKA', 'GIANFELICI', 'VIVENDA', NULL, NULL, NULL, '434719');

SELECT pg_catalog.setval('public.arch_ids', 1, false);
SELECT pg_catalog.setval('public.barcode_ids', 70, true);
SELECT pg_catalog.setval('public.postazioni_id_seq', 29, true);
SELECT pg_catalog.setval('public.protocolli_id_seq', 1, false);
SELECT pg_catalog.setval('public.users_id_seq', 14, true);