INSERT INTO public.clienti (name) VALUES ('Corte d''Appello');
INSERT INTO public.clienti (name) VALUES ('Montedomini');

INSERT INTO public.postazioni (id, cliente, name) VALUES (1, 'Corte d''Appello', 'Sala-controllo');
INSERT INTO public.postazioni (id, cliente, name) VALUES (2, 'Corte d''Appello', 'Tornelli-S.Donato');
INSERT INTO public.postazioni (id, cliente, name) VALUES (3, 'Corte d''Appello', 'Tornelli-Peretola');
INSERT INTO public.postazioni (id, cliente, name) VALUES (4, 'Corte d''Appello', 'Parcheggio-S.Donato');
INSERT INTO public.postazioni (id, cliente, name) VALUES (5, 'Corte d''Appello', 'Parcheggio-Peretola');
INSERT INTO public.postazioni (id, cliente, name) VALUES (6, 'Corte d''Appello', 'Parcheggio-3pini');
INSERT INTO public.postazioni (id, cliente, name) VALUES (7, 'Corte d''Appello', 'Aula-bunker');
INSERT INTO public.postazioni (id, cliente, name) VALUES (19, 'Montedomini', 'Desk');
INSERT INTO public.postazioni (id, cliente, name) VALUES (10, 'Corte d''Appello', 'Ufficio');
INSERT INTO public.postazioni (id, cliente, name) VALUES (22, 'Corte d''Appello', 'Jolly');
INSERT INTO public.postazioni (id, cliente, name) VALUES (24, 'Corte d''Appello', 'Casellario');
INSERT INTO public.postazioni (id, cliente, name) VALUES (27, 'Corte d''Appello', 'Aule');
INSERT INTO public.postazioni (id, cliente, name) VALUES (28, 'Corte d''Appello', 'Centralino');

INSERT INTO public.users (id, name, password, permessi, pages) VALUES (1, 'admin', '$2a$10$cLLMrZEMQCU44vy7Sqsb/uQJDo3vCXV/kUR5Zgm7CvaOQQw08Q6Yu', -1, -1);
INSERT INTO public.users (id, name, password, permessi, pages) VALUES (2, 'gta', '$2a$10$jeaqS/p1a4vUh9PTL/PdRepyJVZWqok7VsQK/HY4xI4SAco0ZktvG', 13, 1);
INSERT INTO public.users (id, name, password, permessi, pages) VALUES (3, 'GTA', '$2a$10$jeaqS/p1a4vUh9PTL/PdRepyJVZWqok7VsQK/HY4xI4SAco0ZktvG', 13, 1);
INSERT INTO public.users (id, name, password, permessi, pages) VALUES (4, 'Tornelli-SD', '$2a$10$Qz5m9H2lTeSLqGZAuP0p1ewfAjh.iMNF4XdSOpX5Rm2MrzBo.yKOi', 1, 1);
INSERT INTO public.users (id, name, password, permessi, pages) VALUES (5, 'Tornelli-CRF', '$2a$10$mVM.MBrFiO.f/dqNvcTqKOPhF82hRWcSKwqJkZhuLS/IdNx5HHn7.', 0, 1);
INSERT INTO public.users (id, name, password, permessi, pages) VALUES (6, 'Parcheggio-SD', '$2a$10$KszV3m2v9e0b21q1n.5pvu1.NmTyc5n1Ud5X1UbcdHJXLEVZAqGSa', 0, 1);
INSERT INTO public.users (id, name, password, permessi, pages) VALUES (7, 'Parcheggio-CRF', '$2a$10$lEBEMaOH7fn/.rnivkaCROR1SfKglXLAYU7gV5BCfHEoamNYkxQdi', 0, 1);
INSERT INTO public.users (id, name, password, permessi, pages) VALUES (8, 'Parcheggio-3P', '$2a$10$.T1Hem7K/9snpGU17PccUeu3iAj8vc.iuOd/au4IXW2.Ik1c.MXmK', 0, 1);
INSERT INTO public.users (id, name, password, permessi, pages) VALUES (12, 'Ufficio-V', '$2a$10$dkVqdnG2FTkENOhwRMo1XOJYbZkjKRSXxvU/gC/bqvK9fw8tOmrZe', 6, 9);
INSERT INTO public.users (id, name, password, permessi, pages) VALUES (13, 'Sala-controllo', '$2a$10$2GxaNgWCYVOwjdiIBrph2.jHSYVOH45aFv99Pp6URJvGc7isJYT8q', 0, 1);
INSERT INTO public.users (id, name, password, permessi, pages) VALUES (14, 'Aula-bunker', '$2a$10$cLLMrZEMQCU44vy7Sqsb/uQJDo3vCXV/kUR5Zgm7CvaOQQw08Q6Yu', 0, 1);

INSERT INTO public.postazioni_user (usr_id, post_id) VALUES (2, 1);
INSERT INTO public.postazioni_user (usr_id, post_id) VALUES (2, 2);
INSERT INTO public.postazioni_user (usr_id, post_id) VALUES (3, 1);
INSERT INTO public.postazioni_user (usr_id, post_id) VALUES (3, 2);
INSERT INTO public.postazioni_user (usr_id, post_id) VALUES (3, 5);
INSERT INTO public.postazioni_user (usr_id, post_id) VALUES (4, 2);
INSERT INTO public.postazioni_user (usr_id, post_id) VALUES (5, 3);
INSERT INTO public.postazioni_user (usr_id, post_id) VALUES (6, 4);
INSERT INTO public.postazioni_user (usr_id, post_id) VALUES (7, 5);
INSERT INTO public.postazioni_user (usr_id, post_id) VALUES (8, 6);
INSERT INTO public.postazioni_user (usr_id, post_id) VALUES (12, 1);
INSERT INTO public.postazioni_user (usr_id, post_id) VALUES (12, 2);
INSERT INTO public.postazioni_user (usr_id, post_id) VALUES (12, 3);
INSERT INTO public.postazioni_user (usr_id, post_id) VALUES (12, 4);
INSERT INTO public.postazioni_user (usr_id, post_id) VALUES (12, 5);
INSERT INTO public.postazioni_user (usr_id, post_id) VALUES (12, 6);
INSERT INTO public.postazioni_user (usr_id, post_id) VALUES (12, 7);
INSERT INTO public.postazioni_user (usr_id, post_id) VALUES (12, 10);
INSERT INTO public.postazioni_user (usr_id, post_id) VALUES (13, 1);
INSERT INTO public.postazioni_user (usr_id, post_id) VALUES (4, 22);
INSERT INTO public.postazioni_user (usr_id, post_id) VALUES (4, 24);
INSERT INTO public.postazioni_user (usr_id, post_id) VALUES (4, 27);
INSERT INTO public.postazioni_user (usr_id, post_id) VALUES (5, 28);
INSERT INTO public.postazioni_user (usr_id, post_id) VALUES (14, 7);

INSERT INTO public.nominativi (codice, descrizione, stato, assegnazione, cliente, scadenza, nome, cognome, ditta, telefono, ndoc, tdoc, zuc_cod) VALUES (199337773, 'BADGE MARCATEMPO', 'VALIDO', 'PORTINERIA', 'Corte d''Appello', NULL, 'PATRIZIO', 'PESCE', 'OPEROSA', NULL, NULL, NULL, NULL);
INSERT INTO public.nominativi (codice, descrizione, stato, assegnazione, cliente, scadenza, nome, cognome, ditta, telefono, ndoc, tdoc, zuc_cod) VALUES (193752869, 'BADGE MARCATEMPO', 'VALIDO', 'PORTINERIA', 'Corte d''Appello', NULL, 'ANDREA', 'PUCCI', 'OPEROSA', NULL, NULL, NULL, NULL);
INSERT INTO public.nominativi (codice, descrizione, stato, assegnazione, cliente, scadenza, nome, cognome, ditta, telefono, ndoc, tdoc, zuc_cod) VALUES (132218918, 'BADGE MARCATEMPO', 'VALIDO', 'PORTINERIA', 'Corte d''Appello', NULL, 'NICULINA', 'BUHUCEANU', 'OPEROSA', NULL, NULL, NULL, NULL);
INSERT INTO public.nominativi (codice, descrizione, stato, assegnazione, cliente, scadenza, nome, cognome, ditta, telefono, ndoc, tdoc, zuc_cod) VALUES (114680088, 'BADGE MARCATEMPO', 'VALIDO', 'PORTINERIA', 'Corte d''Appello', NULL, 'ANTONIO', 'SAPORITO', 'OPEROSA', NULL, NULL, NULL, NULL);
INSERT INTO public.nominativi (codice, descrizione, stato, assegnazione, cliente, scadenza, nome, cognome, ditta, telefono, ndoc, tdoc, zuc_cod) VALUES (145545996, 'BADGE MARCATEMPO', 'VALIDO', 'PORTINERIA', 'Corte d''Appello', NULL, 'LEANDRO', 'GHELARDONI', 'OPEROSA', NULL, NULL, NULL, NULL);
INSERT INTO public.nominativi (codice, descrizione, stato, assegnazione, cliente, scadenza, nome, cognome, ditta, telefono, ndoc, tdoc, zuc_cod) VALUES (137703094, 'BADGE MARCATEMPO', 'VALIDO', 'PORTINERIA', 'Corte d''Appello', NULL, 'ANTONIO', 'BASTA', 'OPEROSA', NULL, NULL, NULL, NULL);
INSERT INTO public.nominativi (codice, descrizione, stato, assegnazione, cliente, scadenza, nome, cognome, ditta, telefono, ndoc, tdoc, zuc_cod) VALUES (118944562, 'BADGE MARCATEMPO', 'VALIDO', 'PORTINERIA', 'Corte d''Appello', NULL, 'LETIZIA', 'ALBANESE', 'OPEROSA', NULL, NULL, NULL, NULL);
INSERT INTO public.nominativi (codice, descrizione, stato, assegnazione, cliente, scadenza, nome, cognome, ditta, telefono, ndoc, tdoc, zuc_cod) VALUES (190695460, 'BADGE MARCATEMPO', 'VALIDO', 'PORTINERIA', 'Corte d''Appello', NULL, 'MATTEO', 'DAL CORTIVO', 'OPEROSA', NULL, NULL, NULL, NULL);
INSERT INTO public.nominativi (codice, descrizione, stato, assegnazione, cliente, scadenza, nome, cognome, ditta, telefono, ndoc, tdoc, zuc_cod) VALUES (111705090, 'BADGE MARCATEMPO', 'VALIDO', 'PORTINERIA', 'Corte d''Appello', NULL, 'CONCETTA', 'GAZANEO', 'OPEROSA', NULL, NULL, NULL, NULL);
INSERT INTO public.nominativi (codice, descrizione, stato, assegnazione, cliente, scadenza, nome, cognome, ditta, telefono, ndoc, tdoc, zuc_cod) VALUES (174073589, 'BADGE MARCATEMPO', 'VALIDO', 'PORTINERIA', 'Corte d''Appello', NULL, 'ANDREA', 'MECHI', 'OPEROSA', NULL, NULL, NULL, NULL);
INSERT INTO public.nominativi (codice, descrizione, stato, assegnazione, cliente, scadenza, nome, cognome, ditta, telefono, ndoc, tdoc, zuc_cod) VALUES (116957269, 'BADGE MARCATEMPO', 'VALIDO', 'PORTINERIA', 'Corte d''Appello', NULL, 'EMILJANA', 'RROKAJ', 'OPEROSA', NULL, NULL, NULL, NULL);
INSERT INTO public.nominativi (codice, descrizione, stato, assegnazione, cliente, scadenza, nome, cognome, ditta, telefono, ndoc, tdoc, zuc_cod) VALUES (110394775, 'BADGE MARCATEMPO', 'VALIDO', 'PORTINERIA', 'Corte d''Appello', NULL, 'MANUEL', 'SCIONI', 'OPEROSA', NULL, NULL, NULL, NULL);
INSERT INTO public.nominativi (codice, descrizione, stato, assegnazione, cliente, scadenza, nome, cognome, ditta, telefono, ndoc, tdoc, zuc_cod) VALUES (198796235, 'BADGE MARCATEMPO', 'VALIDO', 'PORTINERIA', 'Corte d''Appello', NULL, 'GABRIELE', 'SARTI', 'OPEROSA', NULL, NULL, NULL, NULL);
INSERT INTO public.nominativi (codice, descrizione, stato, assegnazione, cliente, scadenza, nome, cognome, ditta, telefono, ndoc, tdoc, zuc_cod) VALUES (114311005, 'BADGE MARCATEMPO', 'VALIDO', 'PORTINERIA', 'Corte d''Appello', NULL, 'ALESSANDRO', 'PESCIOTTI', 'VIVENDA', NULL, NULL, NULL, '434713');
INSERT INTO public.nominativi (codice, descrizione, stato, assegnazione, cliente, scadenza, nome, cognome, ditta, telefono, ndoc, tdoc, zuc_cod) VALUES (116785662, 'BADGE MARCATEMPO', 'VALIDO', 'PORTINERIA', 'Corte d''Appello', NULL, 'ANGELO', 'MARTONE', 'VIVENDA', NULL, NULL, NULL, '434710');
INSERT INTO public.nominativi (codice, descrizione, stato, assegnazione, cliente, scadenza, nome, cognome, ditta, telefono, ndoc, tdoc, zuc_cod) VALUES (195121620, 'BADGE MARCATEMPO', 'VALIDO', 'PORTINERIA', 'Corte d''Appello', NULL, 'ALESSANDRO', 'PANDOLFI', 'VIVENDA', NULL, NULL, NULL, '434712');
INSERT INTO public.nominativi (codice, descrizione, stato, assegnazione, cliente, scadenza, nome, cognome, ditta, telefono, ndoc, tdoc, zuc_cod) VALUES (118947684, 'BADGE MARCATEMPO', 'VALIDO', 'PORTINERIA', 'Corte d''Appello', NULL, 'DANIELE', 'GANGUZZA', 'VIVENDA', NULL, NULL, NULL, '434706');
INSERT INTO public.nominativi (codice, descrizione, stato, assegnazione, cliente, scadenza, nome, cognome, ditta, telefono, ndoc, tdoc, zuc_cod) VALUES (118670640, 'BADGE MARCATEMPO', 'VALIDO', 'PORTINERIA', 'Corte d''Appello', NULL, 'RAISSA', 'CILIBERTI', 'VIVENDA', NULL, NULL, NULL, '434704');
INSERT INTO public.nominativi (codice, descrizione, stato, assegnazione, cliente, scadenza, nome, cognome, ditta, telefono, ndoc, tdoc, zuc_cod) VALUES (152102698, 'BADGE MARCATEMPO', 'VALIDO', 'PORTINERIA', 'Corte d''Appello', NULL, 'EMANUELE', 'MASI', 'VIVENDA', NULL, NULL, NULL, '434711');
INSERT INTO public.nominativi (codice, descrizione, stato, assegnazione, cliente, scadenza, nome, cognome, ditta, telefono, ndoc, tdoc, zuc_cod) VALUES (117290222, 'BADGE MARCATEMPO', 'VALIDO', 'PORTINERIA', 'Corte d''Appello', NULL, 'GIUSEPPE', 'TABASCO', 'VIVENDA', NULL, NULL, NULL, '434714');
INSERT INTO public.nominativi (codice, descrizione, stato, assegnazione, cliente, scadenza, nome, cognome, ditta, telefono, ndoc, tdoc, zuc_cod) VALUES (110125219, 'BADGE MARCATEMPO', 'VALIDO', 'PORTINERIA', 'Corte d''Appello', NULL, 'CLAUDIA', 'TARDUCCI', 'OPEROSA', NULL, NULL, NULL, NULL);
INSERT INTO public.nominativi (codice, descrizione, stato, assegnazione, cliente, scadenza, nome, cognome, ditta, telefono, ndoc, tdoc, zuc_cod) VALUES (112273971, 'BADGE MARCATEMPO', 'VALIDO', 'PORTINERIA', 'Corte d''Appello', NULL, 'ALDO', 'TRONCONI', 'OPEROSA', NULL, NULL, NULL, NULL);
INSERT INTO public.nominativi (codice, descrizione, stato, assegnazione, cliente, scadenza, nome, cognome, ditta, telefono, ndoc, tdoc, zuc_cod) VALUES (192964377, 'BADGE MARCATEMPO', 'VALIDO', 'PORTINERIA', 'Corte d''Appello', NULL, 'ALESSIO', 'SILVESTRI', 'VIVENDA', NULL, NULL, NULL, '434718');
INSERT INTO public.nominativi (codice, descrizione, stato, assegnazione, cliente, scadenza, nome, cognome, ditta, telefono, ndoc, tdoc, zuc_cod) VALUES (153594482, 'BADGE MARCATEMPO', 'VALIDO', 'PORTINERIA', 'Corte d''Appello', NULL, 'SAURO', 'INNOCENTI', 'VIVENDA', NULL, NULL, NULL, '434709');
INSERT INTO public.nominativi (codice, descrizione, stato, assegnazione, cliente, scadenza, nome, cognome, ditta, telefono, ndoc, tdoc, zuc_cod) VALUES (119098885, 'BADGE MARCATEMPO', 'VALIDO', 'PORTINERIA', 'Corte d''Appello', NULL, 'ALESSIO', 'IANNOTTA', 'VIVENDA', NULL, NULL, NULL, '434708');
INSERT INTO public.nominativi (codice, descrizione, stato, assegnazione, cliente, scadenza, nome, cognome, ditta, telefono, ndoc, tdoc, zuc_cod) VALUES (113161709, 'BADGE MARCATEMPO', 'VALIDO', 'PORTINERIA', 'Corte d''Appello', NULL, 'ALESSIO', 'BENUCCI', 'OPEROSA', NULL, NULL, NULL, NULL);
INSERT INTO public.nominativi (codice, descrizione, stato, assegnazione, cliente, scadenza, nome, cognome, ditta, telefono, ndoc, tdoc, zuc_cod) VALUES (148713488, 'BADGE MARCATEMPO', 'VALIDO', 'PORTINERIA', 'Corte d''Appello', NULL, 'MARLENY', 'EGAS', 'VIVENDA', NULL, NULL, NULL, '434716');
INSERT INTO public.nominativi (codice, descrizione, stato, assegnazione, cliente, scadenza, nome, cognome, ditta, telefono, ndoc, tdoc, zuc_cod) VALUES (187080139, 'BADGE MARCATEMPO', 'VALIDO', 'PORTINERIA', 'Corte d''Appello', NULL, 'GIUSEPPE', 'GRECO', 'VIVENDA', NULL, NULL, NULL, '434717');
INSERT INTO public.nominativi (codice, descrizione, stato, assegnazione, cliente, scadenza, nome, cognome, ditta, telefono, ndoc, tdoc, zuc_cod) VALUES (118566131, 'BADGE MARCATEMPO', 'VALIDO', 'PORTINERIA', 'Corte d''Appello', NULL, 'ANGELO', 'IACOPINI', 'VIVENDA', NULL, NULL, NULL, '434707');
INSERT INTO public.nominativi (codice, descrizione, stato, assegnazione, cliente, scadenza, nome, cognome, ditta, telefono, ndoc, tdoc, zuc_cod) VALUES (187393809, 'BADGE MARCATEMPO', 'VALIDO', 'PORTINERIA', 'Corte d''Appello', NULL, 'ARMANDO', 'DI RUOCCO', 'VIVENDA', NULL, NULL, NULL, '434705');
INSERT INTO public.nominativi (codice, descrizione, stato, assegnazione, cliente, scadenza, nome, cognome, ditta, telefono, ndoc, tdoc, zuc_cod) VALUES (110499965, 'BADGE MARCATEMPO', 'VALIDO', 'PULIZIE', 'Corte d''Appello', NULL, 'RAMONA', 'BROSO', 'VIVENDA', NULL, NULL, NULL, '434715');
INSERT INTO public.nominativi (codice, descrizione, stato, assegnazione, cliente, scadenza, nome, cognome, ditta, telefono, ndoc, tdoc, zuc_cod) VALUES (116675522, 'BADGE MARCATEMPO', 'VALIDO', 'PORTINERIA', 'Corte d''Appello', NULL, 'STEFANO', 'CANINO', 'HUMANGEST', NULL, NULL, NULL, NULL);
INSERT INTO public.nominativi (codice, descrizione, stato, assegnazione, cliente, scadenza, nome, cognome, ditta, telefono, ndoc, tdoc, zuc_cod) VALUES (140552877, 'BADGE MARCATEMPO', 'VALIDO', 'PORTINERIA', 'Corte d''Appello', NULL, 'SARA', 'GREMENTIERI', 'HUMANGEST', NULL, NULL, NULL, NULL);
INSERT INTO public.nominativi (codice, descrizione, stato, assegnazione, cliente, scadenza, nome, cognome, ditta, telefono, ndoc, tdoc, zuc_cod) VALUES (147962387, 'BADGE MARCATEMPO', 'VALIDO', 'PORTINERIA', 'Corte d''Appello', NULL, 'DARIA', 'MACALUSO', 'VIVENDA', NULL, NULL, NULL, '434720');
INSERT INTO public.nominativi (codice, descrizione, stato, assegnazione, cliente, scadenza, nome, cognome, ditta, telefono, ndoc, tdoc, zuc_cod) VALUES (147344763, 'BADGE MARCATEMPO', 'VALIDO', 'PORTINERIA', 'Corte d''Appello', NULL, 'ERIKA', 'GIANFELICI', 'VIVENDA', NULL, NULL, NULL, '434719');

INSERT INTO public.mazzi_chiavi VALUES ('517957622', '01/B00 CASELLARIO-URP', 'VALIDO', 'Corte d''Appello');
INSERT INTO public.mazzi_chiavi VALUES ('510722534', '03/B00 PROCURA DELLA REPUBBLICA', 'VALIDO', 'Corte d''Appello');
INSERT INTO public.mazzi_chiavi VALUES ('519254654', '04/B00 PROCURA DELLA REPUBBLICA', 'VALIDO', 'Corte d''Appello');
INSERT INTO public.mazzi_chiavi VALUES ('511336569', '05/B00 PROCURA DELLA REPUBBLICA', 'VALIDO', 'Corte d''Appello');
INSERT INTO public.mazzi_chiavi VALUES ('518734449', '06/B00 CISIA', 'VALIDO', 'Corte d''Appello');
INSERT INTO public.mazzi_chiavi VALUES ('516795532', '07/B00 CISIA', 'VALIDO', 'Corte d''Appello');
INSERT INTO public.mazzi_chiavi VALUES ('561560830', '08/B00 CISIA', 'VALIDO', 'Corte d''Appello');
INSERT INTO public.mazzi_chiavi VALUES ('516074676', '09/B00 CISIA', 'VALIDO', 'Corte d''Appello');
INSERT INTO public.mazzi_chiavi VALUES ('559446626', '11/B00 EX COMUNE', 'VALIDO', 'Corte d''Appello');
INSERT INTO public.mazzi_chiavi VALUES ('563777294', '01/C00 GIUDICE DI PACE + PROCURA DELLA REPUBBLICA', 'VALIDO', 'Corte d''Appello');
INSERT INTO public.mazzi_chiavi VALUES ('514620834', '02/C00 GIUDICE DI PACE', 'VALIDO', 'Corte d''Appello');
INSERT INTO public.mazzi_chiavi VALUES ('519001740', '03/E00 PROCURA GENERALE', 'VALIDO', 'Corte d''Appello');
INSERT INTO public.mazzi_chiavi VALUES ('516650585', '04/E00 CORTE D''APPELLO', 'VALIDO', 'Corte d''Appello');
INSERT INTO public.mazzi_chiavi VALUES ('514336810', '05/E00 CORTE D''APPELLO', 'VALIDO', 'Corte d''Appello');
INSERT INTO public.mazzi_chiavi VALUES ('577033521', '06/E00 CORTE D''APPELLO', 'VALIDO', 'Corte d''Appello');
INSERT INTO public.mazzi_chiavi VALUES ('521346148', '07/E00 CORTE D''APPELLO', 'VALIDO', 'Corte d''Appello');
INSERT INTO public.mazzi_chiavi VALUES ('592398339', '08/E00 CORTE D''APPELLO', 'VALIDO', 'Corte d''Appello');
INSERT INTO public.mazzi_chiavi VALUES ('587554880', '09/E00 PROCURA GENERALE', 'VALIDO', 'Corte d''Appello');
INSERT INTO public.mazzi_chiavi VALUES ('520018371', '10/E00 PROCURA GENERALE', 'VALIDO', 'Corte d''Appello');
INSERT INTO public.mazzi_chiavi VALUES ('552926381', '11/E00 PROCURA GENERALE', 'VALIDO', 'Corte d''Appello');
INSERT INTO public.mazzi_chiavi VALUES ('510956186', '12/E00 PROCURA GENERALE', 'VALIDO', 'Corte d''Appello');
INSERT INTO public.mazzi_chiavi VALUES ('585059434', '13/E00 PROCURA GENERALE', 'VALIDO', 'Corte d''Appello');
INSERT INTO public.mazzi_chiavi VALUES ('511634513', '14/E00 PROCURA GENERALE', 'VALIDO', 'Corte d''Appello');
INSERT INTO public.mazzi_chiavi VALUES ('518876005', '15/E00 PROCURA GENERALE', 'VALIDO', 'Corte d''Appello');
INSERT INTO public.mazzi_chiavi VALUES ('551971526', '02/F00 CORTE D''APPELLO', 'VALIDO', 'Corte d''Appello');
INSERT INTO public.mazzi_chiavi VALUES ('513639958', '03/F00 CORTE D''APPELLO', 'VALIDO', 'Corte d''Appello');
INSERT INTO public.mazzi_chiavi VALUES ('512584428', '04/F00 CORTE D''APPELLO', 'VALIDO', 'Corte d''Appello');
INSERT INTO public.mazzi_chiavi VALUES ('519831793', '05/F00 CORTE D''APPELLO', 'VALIDO', 'Corte d''Appello');
INSERT INTO public.mazzi_chiavi VALUES ('540051395', '06/F00 CORTE D''APPELLO', 'VALIDO', 'Corte d''Appello');
INSERT INTO public.mazzi_chiavi VALUES ('518421518', '07/F00 CORTE D''APPELLO', 'VALIDO', 'Corte d''Appello');
INSERT INTO public.mazzi_chiavi VALUES ('516776232', '08/F00 CORTE D''APPELLO', 'VALIDO', 'Corte d''Appello');
INSERT INTO public.mazzi_chiavi VALUES ('512243099', '09/F00 CORTE D''APPELLO', 'VALIDO', 'Corte d''Appello');
INSERT INTO public.mazzi_chiavi VALUES ('517218847', '01/G00 UNEP', 'VALIDO', 'Corte d''Appello');
INSERT INTO public.mazzi_chiavi VALUES ('560620715', '03/C00 GIUDICE DI PACE', 'VALIDO', 'Corte d''Appello');
INSERT INTO public.mazzi_chiavi VALUES ('514632231', '04/D00 CORTE D''APPELLO E PROCURA DELLA REPUBBLICA', 'VALIDO', 'Corte d''Appello');
INSERT INTO public.mazzi_chiavi VALUES ('501393374', '05/D00 CORTE D''APPELLO', 'VALIDO', 'Corte d''Appello');
INSERT INTO public.mazzi_chiavi VALUES ('510023365', '02/D00 GIUDICE DI PACE', 'VALIDO', 'Corte d''Appello');
INSERT INTO public.mazzi_chiavi VALUES ('512929783', '02/E00  ORDINE FORENZE', 'VALIDO', 'Corte d''Appello');
INSERT INTO public.mazzi_chiavi VALUES ('595829234', '01/E00 ORDINE FORENZE', 'VALIDO', 'Corte d''Appello');
INSERT INTO public.mazzi_chiavi VALUES ('539004435', '03/D00 LOCALI+WC+CORRIDOI+FORESTERIA', 'VALIDO', 'Corte d''Appello');
INSERT INTO public.mazzi_chiavi VALUES ('519718770', '02/B00-01/F00 BAR LATO PROC. E LATO CORTE D''APPELLO', 'VALIDO', 'Corte d''Appello');
INSERT INTO public.mazzi_chiavi VALUES ('513785238', '01/I00 UNEP', 'VALIDO', 'Corte d''Appello');
INSERT INTO public.mazzi_chiavi VALUES ('521091672', '01/HOO UNEP', 'VALIDO', 'Corte d''Appello');
INSERT INTO public.mazzi_chiavi VALUES ('572514019', '02/G00 SORVEGLIANZA', 'VALIDO', 'Corte d''Appello');
INSERT INTO public.mazzi_chiavi VALUES ('514838518', '02/H00 SORVEGLIANZA', 'VALIDO', 'Corte d''Appello');
INSERT INTO public.mazzi_chiavi VALUES ('550522323', '02/L00 SORVEGLIANZA', 'VALIDO', 'Corte d''Appello');
INSERT INTO public.mazzi_chiavi VALUES ('541252550', '02/I00 SORVEGLIANZA', 'VALIDO', 'Corte d''Appello');
INSERT INTO public.mazzi_chiavi VALUES ('565570855', '03/G00 TRIBUNALE', 'VALIDO', 'Corte d''Appello');
INSERT INTO public.mazzi_chiavi VALUES ('514441837', '03/HOO CORTE D''APPELLO/TRIBUNALE', 'VALIDO', 'Corte d''Appello');
INSERT INTO public.mazzi_chiavi VALUES ('520143669', '03/I00 TRIBUNALE', 'VALIDO', 'Corte d''Appello');
INSERT INTO public.mazzi_chiavi VALUES ('522470836', '03/L00 TRIBUNALE', 'VALIDO', 'Corte d''Appello');
INSERT INTO public.mazzi_chiavi VALUES ('570994579', '04/G00 TRIBUNALE', 'VALIDO', 'Corte d''Appello');
INSERT INTO public.mazzi_chiavi VALUES ('515788341', '04/I00 TRIBUNALE', 'VALIDO', 'Corte d''Appello');
INSERT INTO public.mazzi_chiavi VALUES ('589962707', '04/H00 TRIBUNALE/CORTE D''APPELLO', 'VALIDO', 'Corte d''Appello');
INSERT INTO public.mazzi_chiavi VALUES ('520562718', '04/L00 TRIBUNALE', 'VALIDO', 'Corte d''Appello');
INSERT INTO public.mazzi_chiavi VALUES ('510719356', '05/G00 TRIBUNALE', 'VALIDO', 'Corte d''Appello');
INSERT INTO public.mazzi_chiavi VALUES ('513019508', '05/H00 TRIBUNALE', 'VALIDO', 'Corte d''Appello');
INSERT INTO public.mazzi_chiavi VALUES ('521364681', '05/I00 TRIBUNALE', 'VALIDO', 'Corte d''Appello');
INSERT INTO public.mazzi_chiavi VALUES ('524276934', '05/L00 TRIBUNALE', 'VALIDO', 'Corte d''Appello');
INSERT INTO public.mazzi_chiavi VALUES ('533697675', '06/G00 TRIBUNALE', 'VALIDO', 'Corte d''Appello');
INSERT INTO public.mazzi_chiavi VALUES ('534032428', '06/H00 TRIBUNALE', 'VALIDO', 'Corte d''Appello');
INSERT INTO public.mazzi_chiavi VALUES ('515570406', '06/I00 TRIBUNALE', 'VALIDO', 'Corte d''Appello');
INSERT INTO public.mazzi_chiavi VALUES ('517813314', '06/L00 TRIBUNALE', 'VALIDO', 'Corte d''Appello');
INSERT INTO public.mazzi_chiavi VALUES ('566181572', '07/G00 TRIBUNALE', 'VALIDO', 'Corte d''Appello');
INSERT INTO public.mazzi_chiavi VALUES ('515534200', '07/H00 TRIBUNALE', 'VALIDO', 'Corte d''Appello');
INSERT INTO public.mazzi_chiavi VALUES ('518261220', '07/I00 TRIBUNALE', 'VALIDO', 'Corte d''Appello');
INSERT INTO public.mazzi_chiavi VALUES ('583984298', '07/L00 TRIBUNALE', 'VALIDO', 'Corte d''Appello');
INSERT INTO public.mazzi_chiavi VALUES ('514933981', '08/G00 TRIBUNALE GIP', 'VALIDO', 'Corte d''Appello');
INSERT INTO public.mazzi_chiavi VALUES ('560356161', '08/I00 TRIBUNALE GIP', 'VALIDO', 'Corte d''Appello');
INSERT INTO public.mazzi_chiavi VALUES ('521677339', '08/H00 TRIBUNALE GIP', 'VALIDO', 'Corte d''Appello');
INSERT INTO public.mazzi_chiavi VALUES ('556613946', '08/L00 TRIBUNALE', 'VALIDO', 'Corte d''Appello');
INSERT INTO public.mazzi_chiavi VALUES ('591207051', '09/G00 TRIBUNALE', 'VALIDO', 'Corte d''Appello');
INSERT INTO public.mazzi_chiavi VALUES ('595646463', '09/H00 TRIBUNALE', 'VALIDO', 'Corte d''Appello');
INSERT INTO public.mazzi_chiavi VALUES ('564223689', '09/I00 TRIBUNALE', 'VALIDO', 'Corte d''Appello');
INSERT INTO public.mazzi_chiavi VALUES ('517753693', '10/G00 CORTE D''APPELLO', 'VALIDO', 'Corte d''Appello');
INSERT INTO public.mazzi_chiavi VALUES ('511515249', '11/G00 TRIBUNALE OCF', 'VALIDO', 'Corte d''Appello');
INSERT INTO public.mazzi_chiavi VALUES ('513556111', 'OT/O-OO SALA CONTROLLO', 'VALIDO', 'Corte d''Appello');
INSERT INTO public.mazzi_chiavi VALUES ('571626914', '01/O-OO SALA CONTROLLO UFFICI OPERATIVI', 'VALIDO', 'Corte d''Appello');
INSERT INTO public.mazzi_chiavi VALUES ('592133333', '02/N-O-OO ASILO EX FORESTERIA', 'VALIDO', 'Corte d''Appello');
INSERT INTO public.mazzi_chiavi VALUES ('555929300', 'AULA 32 ( MAXI AULA )', 'VALIDO', 'Corte d''Appello');
INSERT INTO public.mazzi_chiavi VALUES ('593179244', 'AULA  28', 'VALIDO', 'Corte d''Appello');
INSERT INTO public.mazzi_chiavi VALUES ('575016152', 'AULA 29', 'VALIDO', 'Corte d''Appello');
INSERT INTO public.mazzi_chiavi VALUES ('527654375', 'AULA 30', 'VALIDO', 'Corte d''Appello');
INSERT INTO public.mazzi_chiavi VALUES ('566473630', 'AULA 31', 'VALIDO', 'Corte d''Appello');

INSERT INTO public.chiavi (codice, descrizione, stato, ubicazione, cliente, indirizzo, citta, edificio, piano, mazzo) VALUES ('320406610', '11/G04-B TRIBUNALE UFFICIO ', 'VALIDO', 'BOX 51', 'Corte d''Appello', 'VIALE GUIDONI 61', 'FIRENZE', 'UFFICIO', '11', '511515249');
INSERT INTO public.chiavi (codice, descrizione, stato, ubicazione, cliente, indirizzo, citta, edificio, piano, mazzo) VALUES ('332024535', '11/CORRIDOIO GH3 TRIBUNALE OCF', 'VALIDO', 'BOX 51', 'Corte d''Appello', 'VIALE GUIDONI 61', 'FIRENZE', 'UFFICIO', '11', '511515249');
INSERT INTO public.chiavi (codice, descrizione, stato, ubicazione, cliente, indirizzo, citta, edificio, piano, mazzo) VALUES ('390138132', '11/CORRIDOIO GH4 TRIBUNALE OCF', 'VALIDO', 'BOX 51', 'Corte d''Appello', 'VIALE GUIDONI 61', 'FIRENZE', 'UFFICIO', '11', '511515249');
INSERT INTO public.chiavi (codice, descrizione, stato, ubicazione, cliente, indirizzo, citta, edificio, piano, mazzo) VALUES ('314592226', '11/GWC-1 TRIBUNALE OCF', 'VALIDO', 'BOX 51', 'Corte d''Appello', 'VIALE GUIDONI 61', 'FIRENZE', 'WC', '11', '511515249');
INSERT INTO public.chiavi (codice, descrizione, stato, ubicazione, cliente, indirizzo, citta, edificio, piano, mazzo) VALUES ('316049694', '11/GWC1-A TRIBUNALE OCF', 'VALIDO', 'BOX 51', 'Corte d''Appello', 'VIALE GUIDONI 61', 'FIRENZE', 'WC', '11', '511515249');
INSERT INTO public.chiavi (codice, descrizione, stato, ubicazione, cliente, indirizzo, citta, edificio, piano, mazzo) VALUES ('394362841', '11/GWC2-A TRIBUNALE OCF', 'VALIDO', 'BOX 51', 'Corte d''Appello', 'VIALE GUIDONI 61', 'FIRENZE', 'WC', '11', '511515249');
INSERT INTO public.chiavi (codice, descrizione, stato, ubicazione, cliente, indirizzo, citta, edificio, piano, mazzo) VALUES ('352955788', '11/GWC-2  TRIBUNALE OCF', 'VALIDO', 'BOX 51', 'Corte d''Appello', 'VIALE GUIDONI 61', 'FIRENZE', 'WC', '11', '511515249');
INSERT INTO public.chiavi (codice, descrizione, stato, ubicazione, cliente, indirizzo, citta, edificio, piano, mazzo) VALUES ('318073419', '01/004 UFFICIO MANUTENZIONE', 'VALIDO', 'BOX 52', 'Corte d''Appello', 'VIALE GUIDONI 61', 'FIRENZE', 'UFFICIO', '1', '571626914');
INSERT INTO public.chiavi (codice, descrizione, stato, ubicazione, cliente, indirizzo, citta, edificio, piano, mazzo) VALUES ('330127840', 'OT/001 INGRESSO SALA CONTROLLO PORTA A VETRI', 'VALIDO', 'BOX 52', 'Corte d''Appello', 'VIALE GUIDONI 61', 'FIRENZE', 'UFFICIO', 'OT', '513556111');
INSERT INTO public.chiavi (codice, descrizione, stato, ubicazione, cliente, indirizzo, citta, edificio, piano, mazzo) VALUES ('317317795', 'OT/H03 AULA 28', 'VALIDO', 'BOX 54', 'Corte d''Appello', 'VIALE GUIDONI 61', 'FIRENZE', 'AULA', 'OT', '593179244');
INSERT INTO public.chiavi (codice, descrizione, stato, ubicazione, cliente, indirizzo, citta, edificio, piano, mazzo) VALUES ('362006251', '01/005 UFFICIO TECNICI TELECAMERE', 'VALIDO', 'BOX 52', 'Corte d''Appello', 'VIALE GUIDONI 61', 'FIRENZE', 'UFFICIO', '1', '571626914');
INSERT INTO public.chiavi (codice, descrizione, stato, ubicazione, cliente, indirizzo, citta, edificio, piano, mazzo) VALUES ('316130122', 'OT/001-B PORTA COMUNICANTE UFICIO PORTINERIA', 'VALIDO', 'BOX 52', 'Corte d''Appello', 'VIALE GUIDONI 61', 'FIRENZE', 'UFFICIO', 'OT', '513556111');
INSERT INTO public.chiavi (codice, descrizione, stato, ubicazione, cliente, indirizzo, citta, edificio, piano, mazzo) VALUES ('318101830', 'OT/001-A PORTA IINGRESSO A VETRI UFFICIO PORTINERIA', 'VALIDO', 'BOX 52', 'Corte d''Appello', 'VIALE GUIDONI 61', 'FIRENZE', 'UFFICIO', 'OT', '513556111');
INSERT INTO public.chiavi (codice, descrizione, stato, ubicazione, cliente, indirizzo, citta, edificio, piano, mazzo) VALUES ('320000681', '01/L01 INGRESSO PRINCIPALE MAXI AULA', 'VALIDO', 'BOX 55', 'Corte d''Appello', 'VIALE GUIDONI 61', 'FIRENZE', 'AULA', '1', '555929300');
INSERT INTO public.chiavi (codice, descrizione, stato, ubicazione, cliente, indirizzo, citta, edificio, piano, mazzo) VALUES ('310125857', '01/L TERRAZO MAXI AULA', 'VALIDO', 'BOX 55', 'Corte d''Appello', 'VIALE GUIDONI 61', 'FIRENZE', 'AULA', '1', '555929300');
INSERT INTO public.chiavi (codice, descrizione, stato, ubicazione, cliente, indirizzo, citta, edificio, piano, mazzo) VALUES ('314185214', '01/N04 CAMERA CONSIGLIO AULA 32', 'VALIDO', 'BOX 55', 'Corte d''Appello', 'VIALE GUIDONI 61', 'FIRENZE', 'AULA', '1', '555929300');
INSERT INTO public.chiavi (codice, descrizione, stato, ubicazione, cliente, indirizzo, citta, edificio, piano, mazzo) VALUES ('381743171', '01/NV2 SCALA MAXI AULA', 'VALIDO', 'BOX 55', 'Corte d''Appello', 'VIALE GUIDONI 61', 'FIRENZE', 'AULA', '1', '555929300');
INSERT INTO public.chiavi (codice, descrizione, stato, ubicazione, cliente, indirizzo, citta, edificio, piano, mazzo) VALUES ('308581294', '01/L01-C SALA STAMPA MAXI AULA', 'VALIDO', 'BOX 55', 'Corte d''Appello', 'VIALE GUIDONI 61', 'FIRENZE', 'AULA', '1', '555929300');
INSERT INTO public.chiavi (codice, descrizione, stato, ubicazione, cliente, indirizzo, citta, edificio, piano, mazzo) VALUES ('310019405', '01/NH1 CORRIDOIO MAXI AULA', 'VALIDO', 'BOX 55', 'Corte d''Appello', 'VIALE GUIDONI 61', 'FIRENZE', 'AULA', '1', '555929300');
INSERT INTO public.chiavi (codice, descrizione, stato, ubicazione, cliente, indirizzo, citta, edificio, piano, mazzo) VALUES ('312824628', '01/N03-C STANZINO MAXI AULA', 'VALIDO', 'BOX 55', 'Corte d''Appello', 'VIALE GUIDONI 61', 'FIRENZE', 'AULA', '1', '555929300');
INSERT INTO public.chiavi (codice, descrizione, stato, ubicazione, cliente, indirizzo, citta, edificio, piano, mazzo) VALUES ('312717293', '01/N08 LOCALE MAXI AULA', 'VALIDO', 'BOX 55', 'Corte d''Appello', 'VIALE GUIDONI 61', 'FIRENZE', 'AULA', '1', '555929300');
INSERT INTO public.chiavi (codice, descrizione, stato, ubicazione, cliente, indirizzo, citta, edificio, piano, mazzo) VALUES ('388119885', '01/N03-B SALA REGISTRAZIONE MAXI AULA', 'VALIDO', 'BOX 55', 'Corte d''Appello', 'VIALE GUIDONI 61', 'FIRENZE', 'AULA', '1', '555929300');
INSERT INTO public.chiavi (codice, descrizione, stato, ubicazione, cliente, indirizzo, citta, edificio, piano, mazzo) VALUES ('341444627', '01/N10 LOCALE MAXI AULA', 'VALIDO', 'BOX 55', 'Corte d''Appello', 'VIALE GUIDONI 61', 'FIRENZE', 'AULA', '1', '555929300');
INSERT INTO public.chiavi (codice, descrizione, stato, ubicazione, cliente, indirizzo, citta, edificio, piano, mazzo) VALUES ('319370903', '01/N10 LOCALE MAXI AULA', 'VALIDO', 'BOX 55', 'Corte d''Appello', 'VIALE GUIDONI 61', 'FIRENZE', 'AULA', '1', '555929300');
INSERT INTO public.chiavi (codice, descrizione, stato, ubicazione, cliente, indirizzo, citta, edificio, piano, mazzo) VALUES ('316204711', '02/001 LOCALE ASILO', 'VALIDO', 'BOX 53', 'Corte d''Appello', 'VIALE GUIDONI 61', 'FIRENZE', 'ASILO', '2', '592133333');
INSERT INTO public.chiavi (codice, descrizione, stato, ubicazione, cliente, indirizzo, citta, edificio, piano, mazzo) VALUES ('385892354', '02/O TERRAZZO ASILO', 'VALIDO', 'BOX 53', 'Corte d''Appello', 'VIALE GUIDONI 61', 'FIRENZE', 'ASILO', '2', '592133333');
INSERT INTO public.chiavi (codice, descrizione, stato, ubicazione, cliente, indirizzo, citta, edificio, piano, mazzo) VALUES ('310956613', '02/002 LOCALE ASILO', 'VALIDO', 'BOX 53', 'Corte d''Appello', 'VIALE GUIDONI 61', 'FIRENZE', 'ASILO', '2', '592133333');
INSERT INTO public.chiavi (codice, descrizione, stato, ubicazione, cliente, indirizzo, citta, edificio, piano, mazzo) VALUES ('313216069', '02/003 LOCALE ASILO', 'VALIDO', 'BOX 53', 'Corte d''Appello', 'VIALE GUIDONI 61', 'FIRENZE', 'ASILO', '2', '592133333');
INSERT INTO public.chiavi (codice, descrizione, stato, ubicazione, cliente, indirizzo, citta, edificio, piano, mazzo) VALUES ('315628968', '02/L004 LOCALE ASILO', 'VALIDO', 'BOX 53', 'Corte d''Appello', 'VIALE GUIDONI 61', 'FIRENZE', 'ASILO', '2', '592133333');
INSERT INTO public.chiavi (codice, descrizione, stato, ubicazione, cliente, indirizzo, citta, edificio, piano, mazzo) VALUES ('311507166', '02/O TERRAZZO ASILO', 'VALIDO', 'BOX 53', 'Corte d''Appello', 'VIALE GUIDONI 61', 'FIRENZE', 'ASILO', '2', '592133333');
INSERT INTO public.chiavi (codice, descrizione, stato, ubicazione, cliente, indirizzo, citta, edificio, piano, mazzo) VALUES ('313592011', '02/L005 LOCALE ASILO', 'VALIDO', 'BOX 53', 'Corte d''Appello', 'VIALE GUIDONI 61', 'FIRENZE', 'ASILO', '2', '592133333');
INSERT INTO public.chiavi (codice, descrizione, stato, ubicazione, cliente, indirizzo, citta, edificio, piano, mazzo) VALUES ('344128135', '02/NH2-B INGRESSO SECONDARIO ASILO', 'VALIDO', 'BOX 53', 'Corte d''Appello', 'VIALE GUIDONI 61', 'FIRENZE', 'ASILO', '2', '592133333');
INSERT INTO public.chiavi (codice, descrizione, stato, ubicazione, cliente, indirizzo, citta, edificio, piano, mazzo) VALUES ('315402609', '02/NH2-A SCALA ESTERNA INGRESSO LOCALI ASILO', 'VALIDO', 'BOX 53', 'Corte d''Appello', 'VIALE GUIDONI 61', 'FIRENZE', 'ASILO', '2', '592133333');
INSERT INTO public.chiavi (codice, descrizione, stato, ubicazione, cliente, indirizzo, citta, edificio, piano, mazzo) VALUES ('332918949', '02/NH2 ASILO INGRESSO 2', 'VALIDO', 'BOX 53', 'Corte d''Appello', 'VIALE GUIDONI 61', 'FIRENZE', 'ASILO', '2', '592133333');
INSERT INTO public.chiavi (codice, descrizione, stato, ubicazione, cliente, indirizzo, citta, edificio, piano, mazzo) VALUES ('369330889', '01/NV2 SCALA LATO C/CONSIGLIO AULA 32 ASILO', 'VALIDO', 'BOX 53', 'Corte d''Appello', 'VIALE GUIDONI 61', 'FIRENZE', 'SCALE', '2', '592133333');
INSERT INTO public.chiavi (codice, descrizione, stato, ubicazione, cliente, indirizzo, citta, edificio, piano, mazzo) VALUES ('336605284', '02/N-O INGRESSO ASILO', 'VALIDO', 'BOX 53', 'Corte d''Appello', 'VIALE GUIDONI 61', 'FIRENZE', 'ASILO', '2', '592133333');
INSERT INTO public.chiavi (codice, descrizione, stato, ubicazione, cliente, indirizzo, citta, edificio, piano, mazzo) VALUES ('313895242', '02/NH1 INGRESSO ATTESA ASILO', 'VALIDO', 'BOX 53', 'Corte d''Appello', 'VIALE GUIDONI 61', 'FIRENZE', 'ASILO', '2', '592133333');
INSERT INTO public.chiavi (codice, descrizione, stato, ubicazione, cliente, indirizzo, citta, edificio, piano, mazzo) VALUES ('351283509', '02/NH1 CORRIDOIO ASILO', 'VALIDO', 'BOX 53', 'Corte d''Appello', 'VIALE GUIDONI 61', 'FIRENZE', 'ASILO', '2', '592133333');
INSERT INTO public.chiavi (codice, descrizione, stato, ubicazione, cliente, indirizzo, citta, edificio, piano, mazzo) VALUES ('320571304', '01/N11 INGRESSO A VETRI ESTERNO LATO C/C 32 ', 'VALIDO', 'BOX 53', 'Corte d''Appello', 'VIALE GUIDONI 61', 'FIRENZE', 'COLLEGAMENTO', '1', '592133333');
INSERT INTO public.chiavi (codice, descrizione, stato, ubicazione, cliente, indirizzo, citta, edificio, piano, mazzo) VALUES ('328629663', '02/N01 LOCALE ASILO', 'VALIDO', 'BOX 53', 'Corte d''Appello', 'VIALE GUIDONI 61', 'FIRENZE', 'ASILO', '2', '592133333');
INSERT INTO public.chiavi (codice, descrizione, stato, ubicazione, cliente, indirizzo, citta, edificio, piano, mazzo) VALUES ('332607976', '02/N04 LOCALE ASILO', 'VALIDO', 'BOX 53', 'Corte d''Appello', 'VIALE GUIDONI 61', 'FIRENZE', 'ASILO', '2', '592133333');
INSERT INTO public.chiavi (codice, descrizione, stato, ubicazione, cliente, indirizzo, citta, edificio, piano, mazzo) VALUES ('313874785', '02/N02 LOCALE ASILO', 'VALIDO', 'BOX 53', 'Corte d''Appello', 'VIALE GUIDONI 61', 'FIRENZE', 'ASILO', '2', '592133333');
INSERT INTO public.chiavi (codice, descrizione, stato, ubicazione, cliente, indirizzo, citta, edificio, piano, mazzo) VALUES ('323184812', '02/N03 LOCALE ASILO ', 'VALIDO', 'BOX 53', 'Corte d''Appello', 'VIALE GUIDONI 61', 'FIRENZE', 'ASILO', '2', '592133333');
INSERT INTO public.chiavi (codice, descrizione, stato, ubicazione, cliente, indirizzo, citta, edificio, piano, mazzo) VALUES ('317800552', '02/N05 LOCALE ASILO', 'VALIDO', 'BOX 53', 'Corte d''Appello', 'VIALE GUIDONI 61', 'FIRENZE', 'ASILO', '2', '592133333');
INSERT INTO public.chiavi (codice, descrizione, stato, ubicazione, cliente, indirizzo, citta, edificio, piano, mazzo) VALUES ('320629520', '02/N05 LOCALE ASILO', 'VALIDO', 'BOX 53', 'Corte d''Appello', 'VIALE GUIDONI 61', 'FIRENZE', 'ASILO', '2', '592133333');
INSERT INTO public.chiavi (codice, descrizione, stato, ubicazione, cliente, indirizzo, citta, edificio, piano, mazzo) VALUES ('313692119', '02/N06 LOCALE EX CUCINA ASILO', 'VALIDO', 'BOX 53', 'Corte d''Appello', 'VIALE GUIDONI 61', 'FIRENZE', 'ASILO', '2', '592133333');
INSERT INTO public.chiavi (codice, descrizione, stato, ubicazione, cliente, indirizzo, citta, edificio, piano, mazzo) VALUES ('310196506', '02/N07 LOCALE ASILO', 'VALIDO', 'BOX 53', 'Corte d''Appello', 'VIALE GUIDONI 61', 'FIRENZE', 'ASILO', '2', '592133333');
INSERT INTO public.chiavi (codice, descrizione, stato, ubicazione, cliente, indirizzo, citta, edificio, piano, mazzo) VALUES ('318647963', '02/NWC-1 ASILO', 'VALIDO', 'BOX 53', 'Corte d''Appello', 'VIALE GUIDONI 61', 'FIRENZE', 'WC', '2', '592133333');
INSERT INTO public.chiavi (codice, descrizione, stato, ubicazione, cliente, indirizzo, citta, edificio, piano, mazzo) VALUES ('375503724', '02/NWC-2 ASILO', 'VALIDO', 'BOX 53', 'Corte d''Appello', 'VIALE GUIDONI 61', 'FIRENZE', 'WC', '2', '592133333');
INSERT INTO public.chiavi (codice, descrizione, stato, ubicazione, cliente, indirizzo, citta, edificio, piano, mazzo) VALUES ('352755752', '02/NWC-3 ASILO', 'VALIDO', 'BOX 53', 'Corte d''Appello', 'VIALE GUIDONI 61', 'FIRENZE', 'WC', '2', '592133333');
INSERT INTO public.chiavi (codice, descrizione, stato, ubicazione, cliente, indirizzo, citta, edificio, piano, mazzo) VALUES ('357017984', '02/NWC-4 ASILO', 'VALIDO', 'BOX 53', 'Corte d''Appello', 'VIALE GUIDONI 61', 'FIRENZE', 'WC', '2', '592133333');
INSERT INTO public.chiavi (codice, descrizione, stato, ubicazione, cliente, indirizzo, citta, edificio, piano, mazzo) VALUES ('320912196', '02/NWC-5 ASILO', 'VALIDO', 'BOX 53', 'Corte d''Appello', 'VIALE GUIDONI 61', 'FIRENZE', 'WC', '2', '592133333');
INSERT INTO public.chiavi (codice, descrizione, stato, ubicazione, cliente, indirizzo, citta, edificio, piano, mazzo) VALUES ('391727829', '02/NWC-6 ASILO', 'VALIDO', 'BOX 53', 'Corte d''Appello', 'VIALE GUIDONI 61', 'FIRENZE', 'WC', '2', '592133333');
INSERT INTO public.chiavi (codice, descrizione, stato, ubicazione, cliente, indirizzo, citta, edificio, piano, mazzo) VALUES ('365524459', '02/NWC6-A ASILO', 'VALIDO', 'BOX 53', 'Corte d''Appello', 'VIALE GUIDONI 61', 'FIRENZE', 'WC', '2', '592133333');
INSERT INTO public.chiavi (codice, descrizione, stato, ubicazione, cliente, indirizzo, citta, edificio, piano, mazzo) VALUES ('317836632', '02/OWC-1 ASILO', 'VALIDO', 'BOX 53', 'Corte d''Appello', 'VIALE GUIDONI 61', 'FIRENZE', 'WC', '2', '592133333');
INSERT INTO public.chiavi (codice, descrizione, stato, ubicazione, cliente, indirizzo, citta, edificio, piano, mazzo) VALUES ('328651306', '02/OWC-2 ASILO', 'VALIDO', 'BOX 53', 'Corte d''Appello', 'VIALE GUIDONI 61', 'FIRENZE', 'WC', '2', '592133333');
INSERT INTO public.chiavi (codice, descrizione, stato, ubicazione, cliente, indirizzo, citta, edificio, piano, mazzo) VALUES ('315511659', '02/OWC-3 ASILO', 'VALIDO', 'BOX 53', 'Corte d''Appello', 'VIALE GUIDONI 61', 'FIRENZE', 'WC', '2', '592133333');
INSERT INTO public.chiavi (codice, descrizione, stato, ubicazione, cliente, indirizzo, citta, edificio, piano, mazzo) VALUES ('315183109', '02/OWC-4 ASILO', 'VALIDO', 'BOX 53', 'Corte d''Appello', 'VIALE GUIDONI 61', 'FIRENZE', 'WC', '2', '592133333');
INSERT INTO public.chiavi (codice, descrizione, stato, ubicazione, cliente, indirizzo, citta, edificio, piano, mazzo) VALUES ('348231111', 'OT/HH5 AULA 28', 'VALIDO', 'BOX 54', 'Corte d''Appello', 'VIALE GUIDONI 61', 'FIRENZE', 'AULA', 'OT', '593179244');
INSERT INTO public.chiavi (codice, descrizione, stato, ubicazione, cliente, indirizzo, citta, edificio, piano, mazzo) VALUES ('367954266', 'OT/HH4 AULA 28', 'VALIDO', 'BOX 54', 'Corte d''Appello', 'VIALE GUIDONI 61', 'FIRENZE', 'AULA', 'OT', '593179244');
INSERT INTO public.chiavi (codice, descrizione, stato, ubicazione, cliente, indirizzo, citta, edificio, piano, mazzo) VALUES ('345525679', 'OT/HH1-A AULA 28', 'VALIDO', 'BOX 54', 'Corte d''Appello', 'VIALE GUIDONI 61', 'FIRENZE', 'AULA', 'OT', '593179244');
INSERT INTO public.chiavi (codice, descrizione, stato, ubicazione, cliente, indirizzo, citta, edificio, piano, mazzo) VALUES ('321321524', 'OT/HH1 AULA 28', 'VALIDO', 'BOX 54', 'Corte d''Appello', 'VIALE GUIDONI 61', 'FIRENZE', 'AULA', 'OT', '593179244');
INSERT INTO public.chiavi (codice, descrizione, stato, ubicazione, cliente, indirizzo, citta, edificio, piano, mazzo) VALUES ('325121792', 'OT/H10 AULA 28', 'VALIDO', 'BOX 54', 'Corte d''Appello', 'VIALE GUIDONI 61', 'FIRENZE', 'AULA', 'OT', '593179244');
INSERT INTO public.chiavi (codice, descrizione, stato, ubicazione, cliente, indirizzo, citta, edificio, piano, mazzo) VALUES ('317790056', 'OT/H06 AULA 28', 'VALIDO', 'BOX 54', 'Corte d''Appello', 'VIALE GUIDONI 61', 'FIRENZE', 'AULA', 'OT', '593179244');
INSERT INTO public.chiavi (codice, descrizione, stato, ubicazione, cliente, indirizzo, citta, edificio, piano, mazzo) VALUES ('310387649', 'OT/H01-B AULA 28', 'VALIDO', 'BOX 54', 'Corte d''Appello', 'VIALE GUIDONI 61', 'FIRENZE', 'AULA', 'OT', '593179244');
INSERT INTO public.chiavi (codice, descrizione, stato, ubicazione, cliente, indirizzo, citta, edificio, piano, mazzo) VALUES ('397076415', 'OT/H01-C AULA 28', 'VALIDO', 'BOX 54', 'Corte d''Appello', 'VIALE GUIDONI 61', 'FIRENZE', 'AULA', 'OT', '593179244');
INSERT INTO public.chiavi (codice, descrizione, stato, ubicazione, cliente, indirizzo, citta, edificio, piano, mazzo) VALUES ('373098040', 'OT/H04 AULA 28', 'VALIDO', 'BOX 54', 'Corte d''Appello', 'VIALE GUIDONI 61', 'FIRENZE', 'AULA', 'OT', '593179244');
INSERT INTO public.chiavi (codice, descrizione, stato, ubicazione, cliente, indirizzo, citta, edificio, piano, mazzo) VALUES ('391459983', 'OT/H01-A AULA 28', 'VALIDO', 'BOX 54 ', 'Corte d''Appello', 'VIALE GUIDONI 61', 'FIRENZE', 'AULA', 'OT', '593179244');
INSERT INTO public.chiavi (codice, descrizione, stato, ubicazione, cliente, indirizzo, citta, edificio, piano, mazzo) VALUES ('314734084', 'OT/H01-D AULA 28', 'VALIDO', 'BOX 54', 'Corte d''Appello', 'VIALE GUIDONI 61', 'FIRENZE', 'AULA', 'OT', '593179244');
INSERT INTO public.chiavi (codice, descrizione, stato, ubicazione, cliente, indirizzo, citta, edificio, piano, mazzo) VALUES ('313005840', 'OT/H03-A AULA 28', 'VALIDO', 'BOX 54', 'Corte d''Appello', 'VIALE GUIDONI 61', 'FIRENZE', 'AULA', 'OT', '593179244');
INSERT INTO public.chiavi (codice, descrizione, stato, ubicazione, cliente, indirizzo, citta, edificio, piano, mazzo) VALUES ('300315573', 'OT/H07 AULA 28', 'VALIDO', 'BOX 54', 'Corte d''Appello', 'VIALE GUIDONI 61', 'FIRENZE', 'AULA', 'OT', '593179244');
INSERT INTO public.chiavi (codice, descrizione, stato, ubicazione, cliente, indirizzo, citta, edificio, piano, mazzo) VALUES ('356284940', 'OT/H08-A AULA 28', 'VALIDO', 'BOX 54', 'Corte d''Appello', 'VIALE GUIDONI 61\\', 'FIRENZE', 'AULA', 'OT', '593179244');
INSERT INTO public.chiavi (codice, descrizione, stato, ubicazione, cliente, indirizzo, citta, edificio, piano, mazzo) VALUES ('399204789', 'OT/H03 AULA 28', 'VALIDO', 'BOX 54', 'Corte d''Appello', 'VIALE GUIDONI 61', 'FIRENZE', 'AULA', 'OT', '593179244');
INSERT INTO public.chiavi (codice, descrizione, stato, ubicazione, cliente, indirizzo, citta, edificio, piano, mazzo) VALUES ('355854285', 'OT/H03-B AULA 28', 'VALIDO', 'BOX 54', 'Corte d''Appello', 'VIALE GUIDONI 61', 'FIRENZE', 'AULA', 'OT', '593179244');
INSERT INTO public.chiavi (codice, descrizione, stato, ubicazione, cliente, indirizzo, citta, edificio, piano, mazzo) VALUES ('321000076', 'OT/HV1-A AULA 28 SCALE', 'VALIDO', 'BOX 54', 'Corte d''Appello', 'VIALE GUIDONI 61', 'FIRENZE', 'SCALE', 'OT', '593179244');
INSERT INTO public.chiavi (codice, descrizione, stato, ubicazione, cliente, indirizzo, citta, edificio, piano, mazzo) VALUES ('310322071', 'OT/HV3 CHIAVE ORO 1 AULA 28', 'VALIDO', 'BOX 54', 'Corte d''Appello', 'VIALE GUIDONI 61', 'FIRENZE', 'SCALE', 'OT', '593179244');
INSERT INTO public.chiavi (codice, descrizione, stato, ubicazione, cliente, indirizzo, citta, edificio, piano, mazzo) VALUES ('358685047', 'OT/HV1 SCALE AULA 28', 'VALIDO', 'BOX 54', 'Corte d''Appello', 'VIALE GUIDONI 61', 'FIRENZE', 'AULA', 'OT', '593179244');
INSERT INTO public.chiavi (codice, descrizione, stato, ubicazione, cliente, indirizzo, citta, edificio, piano, mazzo) VALUES ('312581156', 'OT/H09-A AULA 28', 'VALIDO', 'BOX 54', 'Corte d''Appello', 'VIALE GUIDONI 61', 'FIRENZE', 'AULA', 'OT', '593179244');
INSERT INTO public.chiavi (codice, descrizione, stato, ubicazione, cliente, indirizzo, citta, edificio, piano, mazzo) VALUES ('310799125', 'OT/H INGRESSO PORTA A VETRI AULA 28', 'VALIDO', 'BOX 54', 'Corte d''Appello', 'VIALE GUIDONI 61', 'FIRENZE', 'AULA', 'OT', '593179244');
INSERT INTO public.chiavi (codice, descrizione, stato, ubicazione, cliente, indirizzo, citta, edificio, piano, mazzo) VALUES ('320392785', 'OT/H05 AULA 28', 'VALIDO', 'BOX 54', 'Corte d''Appello', 'VIALE GUIDONI 61', 'FIRENZE', 'AULA', 'OT', '593179244');
INSERT INTO public.chiavi (codice, descrizione, stato, ubicazione, cliente, indirizzo, citta, edificio, piano, mazzo) VALUES ('313343530', 'OT/H03-A AULA 28', 'VALIDO', 'BOX 54', 'Corte d''Appello', 'VIALE GUIDONI 61', 'FIRENZE', 'AULA', 'OT', '593179244');
INSERT INTO public.chiavi (codice, descrizione, stato, ubicazione, cliente, indirizzo, citta, edificio, piano, mazzo) VALUES ('312799951', 'OT/HWC-1 AULA 28', 'VALIDO', 'BOX 54', 'Corte d''Appello', 'VIALE GUIDONI 61', 'FIRENZE', 'WC', 'OT', '593179244');
INSERT INTO public.chiavi (codice, descrizione, stato, ubicazione, cliente, indirizzo, citta, edificio, piano, mazzo) VALUES ('350837659', 'OT/AULA 29 INGRESSO A VETRI', 'VALIDO', 'BOX 54', 'Corte d''Appello', 'VIALE GUIDONI 61', 'FIRENZE', 'AULA', 'OT', '575016152');
INSERT INTO public.chiavi (codice, descrizione, stato, ubicazione, cliente, indirizzo, citta, edificio, piano, mazzo) VALUES ('345658370', 'OT/PORTA 306 AULA 29 CORRIDOIO ESTERNO', 'VALIDO', 'BOX 54', 'Corte d''Appello', 'VIALE GUIDONI 61', 'FIRENZE', 'AULA', 'OT', '575016152');
INSERT INTO public.chiavi (codice, descrizione, stato, ubicazione, cliente, indirizzo, citta, edificio, piano, mazzo) VALUES ('352368214', 'OT/D01-A AULA 29', 'VALIDO', 'BOX 54', 'Corte d''Appello', 'VIALE GUIDONI 61', 'FIRENZE', 'AULA', 'OT', '575016152');
INSERT INTO public.chiavi (codice, descrizione, stato, ubicazione, cliente, indirizzo, citta, edificio, piano, mazzo) VALUES ('319437592', 'OT/D01-B AULA 29', 'VALIDO', 'BOX 54', 'Corte d''Appello', 'VIALE GUIDONI 61', 'FIRENZE', 'AULA', 'OT', '575016152');
INSERT INTO public.chiavi (codice, descrizione, stato, ubicazione, cliente, indirizzo, citta, edificio, piano, mazzo) VALUES ('369559292', 'OT/D01-C AULA 29', 'VALIDO', 'BOX 54', 'Corte d''Appello', 'VIALE GUIDONI 61', 'FIRENZE', 'AULA', 'OT', '575016152');
INSERT INTO public.chiavi (codice, descrizione, stato, ubicazione, cliente, indirizzo, citta, edificio, piano, mazzo) VALUES ('316534032', 'OT/D01-D AULA 29', 'VALIDO', 'BOX 54', 'Corte d''Appello', 'VIALE GUIDONI 61', 'FIRENZE', 'AULA', 'OT', '575016152');
INSERT INTO public.chiavi (codice, descrizione, stato, ubicazione, cliente, indirizzo, citta, edificio, piano, mazzo) VALUES ('312455773', 'OT/D01-E AULA 29', 'VALIDO', 'BOX 54', 'Corte d''Appello', 'VIALE GUIDONI 61', 'FIRENZE', 'AULA', 'OT', '575016152');
INSERT INTO public.chiavi (codice, descrizione, stato, ubicazione, cliente, indirizzo, citta, edificio, piano, mazzo) VALUES ('359865532', 'OT/D01-E AULA 29', 'VALIDO', 'BOX 54', 'Corte d''Appello', 'VIALE GUIDONI 61', 'FIRENZE', 'AULA', 'OT', '575016152');
INSERT INTO public.chiavi (codice, descrizione, stato, ubicazione, cliente, indirizzo, citta, edificio, piano, mazzo) VALUES ('317780328', 'OT/D EST. INGRESSO AULA 29', 'VALIDO', 'BOX 54', 'Corte d''Appello', 'VIALE GUIDONI 61', 'FIRENZE', 'AULA', 'OT', '575016152');
INSERT INTO public.chiavi (codice, descrizione, stato, ubicazione, cliente, indirizzo, citta, edificio, piano, mazzo) VALUES ('370873738', 'OT/D AULA OVALE 29 LATO GUIDONI', 'VALIDO', 'BOX 54', 'Corte d''Appello', 'VIALE GUIDONI 61', 'FIRENZE', 'AULA', 'OT', '575016152');
INSERT INTO public.chiavi (codice, descrizione, stato, ubicazione, cliente, indirizzo, citta, edificio, piano, mazzo) VALUES ('397904847', 'OT/D AULA 29 PORTA A VETRO', 'VALIDO', 'BOX 54', 'Corte d''Appello', 'VIALE GUIDONI 61', 'FIRENZE', 'AULA', 'OT', '575016152');
INSERT INTO public.chiavi (codice, descrizione, stato, ubicazione, cliente, indirizzo, citta, edificio, piano, mazzo) VALUES ('309164205', 'OT/DH3 AULA 29', 'VALIDO', 'BOX 54', 'Corte d''Appello', 'VIALE GUIDONI 61', 'FIRENZE', 'AULA', 'OT', '575016152');
INSERT INTO public.chiavi (codice, descrizione, stato, ubicazione, cliente, indirizzo, citta, edificio, piano, mazzo) VALUES ('310575254', 'OT/DH3-A  AULA 29', 'VALIDO', 'BOX 54', 'Corte d''Appello', 'VIALE GUIDONI 61', 'FIRENZE', 'AULA', 'OT', '575016152');
INSERT INTO public.chiavi (codice, descrizione, stato, ubicazione, cliente, indirizzo, citta, edificio, piano, mazzo) VALUES ('316663018', 'OT/DH4 AULA 29 PORTA RETRO ANTINCENDIO', 'VALIDO', 'BOX 54', 'Corte d''Appello', 'VIALE GUIDONI 61', 'FIRENZE', 'AULA', 'OT', '575016152');
INSERT INTO public.chiavi (codice, descrizione, stato, ubicazione, cliente, indirizzo, citta, edificio, piano, mazzo) VALUES ('311051361', 'OT/DH8 AULA 29', 'VALIDO', 'BOX 54', 'Corte d''Appello', 'VIALE GUIDONI 61', 'FIRENZE', 'AULA', 'OT', '575016152');
INSERT INTO public.chiavi (codice, descrizione, stato, ubicazione, cliente, indirizzo, citta, edificio, piano, mazzo) VALUES ('397813740', 'OT/DWC AULA OVALE 29', 'VALIDO', 'BOX 54', 'Corte d''Appello', 'VIALE GUIDONI 61', 'FIRENZE', 'WC', 'OT', '575016152');
INSERT INTO public.chiavi (codice, descrizione, stato, ubicazione, cliente, indirizzo, citta, edificio, piano, mazzo) VALUES ('315901762', 'OT/D10 AULA 29', 'VALIDO', 'BOX 54', 'Corte d''Appello', 'VIALE GUIDONI 61', 'FIRENZE', 'AULA', 'OT', '575016152');
INSERT INTO public.chiavi (codice, descrizione, stato, ubicazione, cliente, indirizzo, citta, edificio, piano, mazzo) VALUES ('315053929', 'OT/D05 AULA 29', 'VALIDO', 'BOX 54', 'Corte d''Appello', 'VIALE GUIDONI 61', 'FIRENZE', 'AULA', 'OT', '575016152');
INSERT INTO public.chiavi (codice, descrizione, stato, ubicazione, cliente, indirizzo, citta, edificio, piano, mazzo) VALUES ('378881836', 'OT/D06 AULA 29', 'VALIDO', 'BOX 54', 'Corte d''Appello', 'VIALE GUIDONI 61', 'FIRENZE', 'AULA', 'OT', '575016152');
INSERT INTO public.chiavi (codice, descrizione, stato, ubicazione, cliente, indirizzo, citta, edificio, piano, mazzo) VALUES ('312689478', 'OT/D07 AULA 29', 'VALIDO', 'BOX 54', 'Corte d''Appello', 'VIALE GUIDONI 61', 'FIRENZE', 'AULA', 'OT', '575016152');
INSERT INTO public.chiavi (codice, descrizione, stato, ubicazione, cliente, indirizzo, citta, edificio, piano, mazzo) VALUES ('315172233', 'OT/D03 AULA 29', 'VALIDO', 'BOX 54', 'Corte d''Appello', 'VIALE GUIDONI 61', 'FIRENZE', 'AULA', 'OT', '575016152');
INSERT INTO public.chiavi (codice, descrizione, stato, ubicazione, cliente, indirizzo, citta, edificio, piano, mazzo) VALUES ('311961161', 'OT/D03-A AULA 29', 'VALIDO', 'BOX 54', 'Corte d''Appello', 'VIALE GUIDONI 61', 'FIRENZE', 'AULA', 'OT', '575016152');
INSERT INTO public.chiavi (codice, descrizione, stato, ubicazione, cliente, indirizzo, citta, edificio, piano, mazzo) VALUES ('373069954', 'OT/D04 AULA 29', 'VALIDO', 'BOX 54', 'Corte d''Appello', 'VIALE GUIDONI 61Q', 'FIRENZE', 'AULA', 'OT', '575016152');
INSERT INTO public.chiavi (codice, descrizione, stato, ubicazione, cliente, indirizzo, citta, edificio, piano, mazzo) VALUES ('336318197', 'OT/AULA 29 INGRESSO 1', 'VALIDO', 'BOX 54', 'Corte d''Appello', 'VIALE GUIDONI 61', 'FIRENZE', 'AULA', 'OT', '575016152');
INSERT INTO public.chiavi (codice, descrizione, stato, ubicazione, cliente, indirizzo, citta, edificio, piano, mazzo) VALUES ('316096709', 'OT/AULA 29 INGRESSO 2', 'VALIDO', 'BOX 54', 'Corte d''Appello', 'VIALE GUIDONI 61', 'FIRENZE', 'AULA', 'OT', '575016152');
INSERT INTO public.chiavi (codice, descrizione, stato, ubicazione, cliente, indirizzo, citta, edificio, piano, mazzo) VALUES ('324168901', '01/H12 CELLA AULA 30', 'VALIDO', 'BOX 54', 'Corte d''Appello', 'VIALE GUIDONI 61', 'FIRENZE', 'AULA', '1', '527654375');
INSERT INTO public.chiavi (codice, descrizione, stato, ubicazione, cliente, indirizzo, citta, edificio, piano, mazzo) VALUES ('393182071', '01/HH3-A AULA 30 ASCENSORE DETENUTI ', 'VALIDO', 'BOX 54', 'Corte d''Appello', 'VIALE GUIDONI 61', 'FIRENZE', 'AULA', '1', '527654375');
INSERT INTO public.chiavi (codice, descrizione, stato, ubicazione, cliente, indirizzo, citta, edificio, piano, mazzo) VALUES ('362430124', '01/HV1 AULA 30 SCALE', 'VALIDO', 'BOX 54', 'Corte d''Appello', 'VIALE GUIDONI 61', 'FIRENZE', 'SCALE', '1', '527654375');
INSERT INTO public.chiavi (codice, descrizione, stato, ubicazione, cliente, indirizzo, citta, edificio, piano, mazzo) VALUES ('321437576', '01/H01 AULA 30', 'VALIDO', 'BOX 54', 'Corte d''Appello', 'VIALE GUIDONI 61', 'FIRENZE', 'AULA', '1', '527654375');
INSERT INTO public.chiavi (codice, descrizione, stato, ubicazione, cliente, indirizzo, citta, edificio, piano, mazzo) VALUES ('319204606', '01/H02 AULA 30', 'VALIDO', 'BOX 54', 'Corte d''Appello', 'VIALE GUIDONI 61', 'FIRENZE', 'AULA', '1', '527654375');
INSERT INTO public.chiavi (codice, descrizione, stato, ubicazione, cliente, indirizzo, citta, edificio, piano, mazzo) VALUES ('367683784', '01/H01-A  AULA 30 ', 'VALIDO', 'BOX 54', 'Corte d''Appello', 'VIALE GUIDONI 61', 'FIRENZE', 'AULA', '1', '527654375');
INSERT INTO public.chiavi (codice, descrizione, stato, ubicazione, cliente, indirizzo, citta, edificio, piano, mazzo) VALUES ('382360148', '01/H01-B AULA 30', 'VALIDO', 'BOX 54', 'Corte d''Appello', 'VIALE GUIDONI 61', 'FIRENZE', 'AULA', '1', '527654375');
INSERT INTO public.chiavi (codice, descrizione, stato, ubicazione, cliente, indirizzo, citta, edificio, piano, mazzo) VALUES ('317083212', '01/H02-A AULA 30', 'VALIDO', 'BOX 54', 'Corte d''Appello', 'VIALE GUIIDONI 61', 'FIRENZE', 'AULA', '1', '527654375');
INSERT INTO public.chiavi (codice, descrizione, stato, ubicazione, cliente, indirizzo, citta, edificio, piano, mazzo) VALUES ('317935122', '01/H02-B AULA 30', 'VALIDO', 'BOX 54', 'Corte d''Appello', 'VIALE GUIDONI 61', 'FIRENZE', 'AULA', '1', '527654375');
INSERT INTO public.chiavi (codice, descrizione, stato, ubicazione, cliente, indirizzo, citta, edificio, piano, mazzo) VALUES ('320658270', '01/H05 AULA 30', 'VALIDO', 'BOX 54', 'Corte d''Appello', 'VIALE GUIDONI 61', 'FIRENZE', 'AULA', '1', '527654375');
INSERT INTO public.chiavi (codice, descrizione, stato, ubicazione, cliente, indirizzo, citta, edificio, piano, mazzo) VALUES ('336207437', '01/H06 AULA 30', 'VALIDO', 'BOX 54', 'Corte d''Appello', 'VIALE GUIDONI 61', 'FIRENZE', 'AULA', '1', '527654375');
INSERT INTO public.chiavi (codice, descrizione, stato, ubicazione, cliente, indirizzo, citta, edificio, piano, mazzo) VALUES ('320716144', '01/H07 AULA 30', 'VALIDO', 'BOX 54', 'Corte d''Appello', 'VIALE GUIDONI 61', 'FIRENZE', 'AULA', '1', '527654375');
INSERT INTO public.chiavi (codice, descrizione, stato, ubicazione, cliente, indirizzo, citta, edificio, piano, mazzo) VALUES ('394752518', '01/H08 AULA 30', 'VALIDO', 'BOX 54', 'Corte d''Appello', 'VIALE GUIDONI 61', 'FIRENZE', 'AULA', '1', '527654375');
INSERT INTO public.chiavi (codice, descrizione, stato, ubicazione, cliente, indirizzo, citta, edificio, piano, mazzo) VALUES ('398161493', '01/H PORTA 8 AULA 30', 'VALIDO', 'BOX 54', 'Corte d''Appello', 'VIALE GUIDONI 61', 'FIRENZE', 'AULA', '1', '527654375');
INSERT INTO public.chiavi (codice, descrizione, stato, ubicazione, cliente, indirizzo, citta, edificio, piano, mazzo) VALUES ('314293169', '01/HH7-C AULA 30', 'VALIDO', 'BOX 54', 'Corte d''Appello', 'VIALE GUIDONI 61', 'FIRENZE', 'AULA', '1', '527654375');
INSERT INTO public.chiavi (codice, descrizione, stato, ubicazione, cliente, indirizzo, citta, edificio, piano, mazzo) VALUES ('312590227', '01/HH7-B AULA 30', 'VALIDO', 'BOX 54', 'Corte d''Appello', 'VIALE GUIDONI 61', 'FIRENZE', 'AULA', '1', '527654375');
INSERT INTO public.chiavi (codice, descrizione, stato, ubicazione, cliente, indirizzo, citta, edificio, piano, mazzo) VALUES ('382439827', '01/HH6-A SX AULA 30', 'VALIDO', 'BOX 54', 'Corte d''Appello', 'VIALE GUIDONI 61', 'FIRENZE', 'AULA', '1', '527654375');
INSERT INTO public.chiavi (codice, descrizione, stato, ubicazione, cliente, indirizzo, citta, edificio, piano, mazzo) VALUES ('391999022', '01/HH7-A AULA 30', 'VALIDO', 'BOX 54', 'Corte d''Appello', 'VIALE GUIDONI 61', 'FIRENZE', 'AULA', '1', '527654375');
INSERT INTO public.chiavi (codice, descrizione, stato, ubicazione, cliente, indirizzo, citta, edificio, piano, mazzo) VALUES ('316209202', '01/HH2 AULA 30', 'VALIDO', 'BOX 54', 'Corte d''Appello', 'VIALE GUIDONI 61', 'FIRENZE', 'AULA', '1', '527654375');
INSERT INTO public.chiavi (codice, descrizione, stato, ubicazione, cliente, indirizzo, citta, edificio, piano, mazzo) VALUES ('315488639', '01/DH7-A AULA 31', 'VALIDO', 'BOX 54', 'Corte d''Appello', 'VIALE GUIDONI 61', 'FIRENZE', 'AULA', '1', '566473630');
INSERT INTO public.chiavi (codice, descrizione, stato, ubicazione, cliente, indirizzo, citta, edificio, piano, mazzo) VALUES ('376071673', '01/D11 CELLA AULA 31', 'VALIDO', 'BOX 54', 'Corte d''Appello', 'VIALE GUIDONI 61', 'FIRENZE', 'AULA', '1', '566473630');
INSERT INTO public.chiavi (codice, descrizione, stato, ubicazione, cliente, indirizzo, citta, edificio, piano, mazzo) VALUES ('319975818', '01/D01-A AULA 31', 'VALIDO', 'BOX 54', 'Corte d''Appello', 'VIALE GUIDONI 61', 'FIRENZE', 'AULA', '1', '566473630');
INSERT INTO public.chiavi (codice, descrizione, stato, ubicazione, cliente, indirizzo, citta, edificio, piano, mazzo) VALUES ('313979098', '01/D03 AULA 31', 'VALIDO', 'BOX 54', 'Corte d''Appello', 'VIALE GUIDONI 61', 'FIRENZE', 'AULA', '1', '566473630');
INSERT INTO public.chiavi (codice, descrizione, stato, ubicazione, cliente, indirizzo, citta, edificio, piano, mazzo) VALUES ('315158417', '01/D03-A AULA 31', 'VALIDO', 'BOX 54', 'Corte d''Appello', 'VIALE GUIDONI 61', 'FIRENZE', 'AULA', '1', '566473630');
INSERT INTO public.chiavi (codice, descrizione, stato, ubicazione, cliente, indirizzo, citta, edificio, piano, mazzo) VALUES ('377851918', '01/D03-B AULA 31', 'VALIDO', 'BOX 54', 'Corte d''Appello', 'VIALE GUIDONI 61', 'FIRENZE', 'AULA', '1', '566473630');
INSERT INTO public.chiavi (codice, descrizione, stato, ubicazione, cliente, indirizzo, citta, edificio, piano, mazzo) VALUES ('372242932', '01/D04 AULA 31', 'VALIDO', 'BOX 54', 'Corte d''Appello', 'VIALE GUIDONI 61', 'FIRENZE', 'AULA', '1', '566473630');
INSERT INTO public.chiavi (codice, descrizione, stato, ubicazione, cliente, indirizzo, citta, edificio, piano, mazzo) VALUES ('319215027', '01/D05 AULA 31', 'VALIDO', 'BOX 54', 'Corte d''Appello', 'VIALE GUIDONI 61', 'FIRENZE', 'AULA', '1', '566473630');
INSERT INTO public.chiavi (codice, descrizione, stato, ubicazione, cliente, indirizzo, citta, edificio, piano, mazzo) VALUES ('360102280', '01/D06 AULA 31', 'VALIDO', 'BOX 54', 'Corte d''Appello', 'VIALE GUIDONI 61', 'FIRENZE', 'AULA', '1', '566473630');
INSERT INTO public.chiavi (codice, descrizione, stato, ubicazione, cliente, indirizzo, citta, edificio, piano, mazzo) VALUES ('362649577', '01/D07 AULA 31', 'VALIDO', 'BOX 54', 'Corte d''Appello', 'VIALE GUIDONI 61', 'FIRENZE', 'AULA', '1', '566473630');
INSERT INTO public.chiavi (codice, descrizione, stato, ubicazione, cliente, indirizzo, citta, edificio, piano, mazzo) VALUES ('315347619', '01/D10 AULA 31', 'VALIDO', 'BOX 54', 'Corte d''Appello', 'VIALE GUIDONI 61', 'FIRENZE', 'AULA', '1', '566473630');
INSERT INTO public.chiavi (codice, descrizione, stato, ubicazione, cliente, indirizzo, citta, edificio, piano, mazzo) VALUES ('312763986', '01/DHA AULA 31', 'VALIDO', 'BOX 54', 'Corte d''Appello', 'VIALE GUIDONI 61', 'FIRENZE', 'AULA', '1', '566473630');
INSERT INTO public.chiavi (codice, descrizione, stato, ubicazione, cliente, indirizzo, citta, edificio, piano, mazzo) VALUES ('319875512', '01/DHB AULA 31', 'VALIDO', 'BOX 54', 'Corte d''Appello', 'VIALE GUIDONI 61', 'FIRENZE', 'AULA', '1', '566473630');
INSERT INTO public.chiavi (codice, descrizione, stato, ubicazione, cliente, indirizzo, citta, edificio, piano, mazzo) VALUES ('319105451', '01/DHC AULA 31', 'VALIDO', 'BOX 54', 'Corte d''Appello', 'VIALE GUIDONI 61', 'FIRENZE', 'AULA', '1', '566473630');
INSERT INTO public.chiavi (codice, descrizione, stato, ubicazione, cliente, indirizzo, citta, edificio, piano, mazzo) VALUES ('367761706', '01/DHD AULA 31', 'VALIDO', 'BOX 54', 'Corte d''Appello', 'VIALE GUIDONI 61', 'FIRENZE', 'AULA', '1', '566473630');
INSERT INTO public.chiavi (codice, descrizione, stato, ubicazione, cliente, indirizzo, citta, edificio, piano, mazzo) VALUES ('366774233', '01/DHE AULA 31', 'VALIDO', 'BOX 54', 'Corte d''Appello', 'VIALE GUIDONI 61', 'FIRENZE', 'AULA', '1', '566473630');
INSERT INTO public.chiavi (codice, descrizione, stato, ubicazione, cliente, indirizzo, citta, edificio, piano, mazzo) VALUES ('325807525', '01/DH3-A AULA 31', 'VALIDO', 'BOX 54', 'Corte d''Appello', 'VIALE GUIDONI 61', 'FIRENZE', 'AULA', '1', '566473630');
INSERT INTO public.chiavi (codice, descrizione, stato, ubicazione, cliente, indirizzo, citta, edificio, piano, mazzo) VALUES ('394719625', '01/DH4 AULA 31', 'VALIDO', 'BOX 54', 'Corte d''Appello', 'VIALE GUIDONI 61', 'FIRENZE', 'AULA', '1', '566473630');
INSERT INTO public.chiavi (codice, descrizione, stato, ubicazione, cliente, indirizzo, citta, edificio, piano, mazzo) VALUES ('315266122', '01/DH7 AULA 31', 'VALIDO', 'BOX 54', 'Corte d''Appello', 'VIALE GUIDONI 61', 'FIRENZE', 'AULA', '1', '566473630');
INSERT INTO public.chiavi (codice, descrizione, stato, ubicazione, cliente, indirizzo, citta, edificio, piano, mazzo) VALUES ('385534772', '01/D AULA 31 INGRESSO 2', 'VALIDO', 'BOX 54', 'Corte d''Appello', 'VIALE GUIDONI 61', 'FIRENZE', 'AULA', '1', '566473630');
INSERT INTO public.chiavi (codice, descrizione, stato, ubicazione, cliente, indirizzo, citta, edificio, piano, mazzo) VALUES ('311227636', '01/D AULA OVALE 31 USCITA LATO GUIDONI', 'VALIDO', 'BOX 54', 'Corte d''Appello', 'VIALE GUIDONI 61', 'FIRENZE', 'AULA', '1', '566473630');
INSERT INTO public.chiavi (codice, descrizione, stato, ubicazione, cliente, indirizzo, citta, edificio, piano, mazzo) VALUES ('313631837', '01/D AULA 31 INGRESSO 1', 'VALIDO', 'BOX 54', 'Corte d''Appello', 'VIALE GUIDONI 61', 'FIRENZE', 'AULA', '1', '566473630');
INSERT INTO public.chiavi (codice, descrizione, stato, ubicazione, cliente, indirizzo, citta, edificio, piano, mazzo) VALUES ('317014187', '01/N11 INGRESSO PORTA A VETRI ESTERNA DIREZ. C/C 32', 'VALIDO', 'BOX 55', 'Corte d''Appello', 'VIALE GUIDONI 61', 'FIRENZE', 'AULA', '1', '555929300');
INSERT INTO public.chiavi (codice, descrizione, stato, ubicazione, cliente, indirizzo, citta, edificio, piano, mazzo) VALUES ('314813492', '01/NH2 AULA 32', 'VALIDO', 'BOX 55', 'Corte d''Appello', 'VIALE GUIDONI 61', 'FIRENZE', 'AULA', '1', '555929300');
INSERT INTO public.chiavi (codice, descrizione, stato, ubicazione, cliente, indirizzo, citta, edificio, piano, mazzo) VALUES ('320308475', '01/NH3 AULA 32', 'VALIDO', 'BOX 55', 'Corte d''Appello', 'VIALE GUIDONI 61', 'FIRENZE', 'AULA', '1', '555929300');
INSERT INTO public.chiavi (codice, descrizione, stato, ubicazione, cliente, indirizzo, citta, edificio, piano, mazzo) VALUES ('317890863', '01/NH4 AULA 32', 'VALIDO', 'BOX 55', 'Corte d''Appello', 'VIALE GUIDONI 61', 'FIRENZE', 'AULA', '1', '555929300');
INSERT INTO public.chiavi (codice, descrizione, stato, ubicazione, cliente, indirizzo, citta, edificio, piano, mazzo) VALUES ('316945652', '01/N02D-3 CELLA AULA 32', 'VALIDO', 'BOX 55', 'Corte d''Appello', 'VIALE GUIDONI 61', 'FIRENZE', 'AULA', '1', '555929300');
INSERT INTO public.chiavi (codice, descrizione, stato, ubicazione, cliente, indirizzo, citta, edificio, piano, mazzo) VALUES ('314524592', '01/N02B-1 CELLA AULA 32', 'VALIDO', 'BOX 55', 'Corte d''Appello', 'VIALE GUIDONI 61', 'FIRENZE', 'AULA', '1', '555929300');
INSERT INTO public.chiavi (codice, descrizione, stato, ubicazione, cliente, indirizzo, citta, edificio, piano, mazzo) VALUES ('354841122', '01/N02-C CELLA AULA 32', 'VALIDO', 'BOX 55', 'Corte d''Appello', 'VIALE GUIDONI 61', 'FIRENZE', 'AULA', '1', '555929300');
INSERT INTO public.chiavi (codice, descrizione, stato, ubicazione, cliente, indirizzo, citta, edificio, piano, mazzo) VALUES ('332464347', '01/N02-B ANTIPORTA CELLA AULA 32', 'VALIDO', 'BOX 55', 'Corte d''Appello', 'VIALE GUIDONI 61', 'FIRENZE', 'AULA', '1', '555929300');
INSERT INTO public.chiavi (codice, descrizione, stato, ubicazione, cliente, indirizzo, citta, edificio, piano, mazzo) VALUES ('378308278', '01/N02-C ANTIPORTA CELLA AULA 32', 'VALIDO', 'BOX 55', 'Corte d''Appello', 'VIALE GUIDONI 61', 'FIRENZE', 'AULA', '1', '566473630');
INSERT INTO public.chiavi (codice, descrizione, stato, ubicazione, cliente, indirizzo, citta, edificio, piano, mazzo) VALUES ('313901292', '01/N02-D ANTIPORTA CELLA AULA 32', 'VALIDO', 'BOX 55', 'Corte d''Appello', 'VIALE GUIDONI 61', 'FIRENZE', 'AULA', '1', '555929300');
INSERT INTO public.chiavi (codice, descrizione, stato, ubicazione, cliente, indirizzo, citta, edificio, piano, mazzo) VALUES ('375919237', '01/NH2-A AULA 32', 'VALIDO', 'BOX 55', 'Corte d''Appello', 'VIALE GUIDONI 61', 'FIRENZE', 'AULA', '1', '555929300');
INSERT INTO public.chiavi (codice, descrizione, stato, ubicazione, cliente, indirizzo, citta, edificio, piano, mazzo) VALUES ('338131765', '01/N03-A AULA 32 PORTA CENTRALE', 'VALIDO', 'BOX 55', 'Corte d''Appello', 'VIALE GUIDONI 61', 'FIRENZE', 'AULA', '1', '555929300');
INSERT INTO public.chiavi (codice, descrizione, stato, ubicazione, cliente, indirizzo, citta, edificio, piano, mazzo) VALUES ('312169780', '01/N06-A STANZA AULA 32', 'VALIDO', 'BOX 55', 'Corte d''Appello', 'VIALE GUIDONI 61', 'FIRENZE', 'AULA', '1', '555929300');
INSERT INTO public.chiavi (codice, descrizione, stato, ubicazione, cliente, indirizzo, citta, edificio, piano, mazzo) VALUES ('318271221', '01/N06-B STANZA AULA 32', 'VALIDO', 'BOX 55', 'Corte d''Appello', 'VIALE GUIDONI 61', 'FIRENZE', 'AULA', '1', '555929300');
INSERT INTO public.chiavi (codice, descrizione, stato, ubicazione, cliente, indirizzo, citta, edificio, piano, mazzo) VALUES ('318670635', '01/N07-A STANZA AULA 32', 'VALIDO', 'BOX 55', 'Corte d''Appello', 'VIALE GUIDONI 61', 'FIRENZE', 'AULA', '1', '555929300');
INSERT INTO public.chiavi (codice, descrizione, stato, ubicazione, cliente, indirizzo, citta, edificio, piano, mazzo) VALUES ('312424373', '01/N07-B STANZA AULA 32', 'VALIDO', 'BOX 55', 'Corte d''Appello', 'VIALE GUIDONI 61', 'FIRENZE', 'AULA', '1', '555929300');
INSERT INTO public.chiavi (codice, descrizione, stato, ubicazione, cliente, indirizzo, citta, edificio, piano, mazzo) VALUES ('321258168', '01/N08 STANZA AULA 32', 'VALIDO', 'BOX 55', 'Corte d''Appello', 'VIALE GUIDONI 61', 'FIRENZE', 'AULA', '1', '555929300');
INSERT INTO public.chiavi (codice, descrizione, stato, ubicazione, cliente, indirizzo, citta, edificio, piano, mazzo) VALUES ('384473182', '01/N09 STANZA AULA 32', 'VALIDO', 'BOX 55', 'Corte d''Appello', 'VIALE GUIDONI 61', 'FIRENZE', 'AULA', '1', '555929300');
INSERT INTO public.chiavi (codice, descrizione, stato, ubicazione, cliente, indirizzo, citta, edificio, piano, mazzo) VALUES ('369444884', '01/N10 STANZA AULA 32', 'VALIDO', 'BOX 55', 'Corte d''Appello', 'VIALE GUIDONI 61', 'FIRENZE', 'AULA', '1', '555929300');
INSERT INTO public.chiavi (codice, descrizione, stato, ubicazione, cliente, indirizzo, citta, edificio, piano, mazzo) VALUES ('380863182', '01/LH3 AULA 32 PORTA A VETRI INT.DX', 'VALIDO', 'BOX 55', 'Corte d''Appello', 'VIALE GUIDONI 61', 'FIRENZE', 'AULA', '1', '555929300');
INSERT INTO public.chiavi (codice, descrizione, stato, ubicazione, cliente, indirizzo, citta, edificio, piano, mazzo) VALUES ('313076877', '01/LH3 AULA 32 PORTA A VETRI INT.SX', 'VALIDO', 'BOX 55', 'Corte d''Appello', 'VIALE GUIDONI 61', 'FIRENZE', 'AULA', '1', '555929300');
INSERT INTO public.chiavi (codice, descrizione, stato, ubicazione, cliente, indirizzo, citta, edificio, piano, mazzo) VALUES ('312671170', '01/LH3-A AULA 32 PORTA A VETRI', 'VALIDO', 'BOX 55', 'Corte d''Appello', 'VIALE GUIDONI 61', 'FIRENZE', 'AULA', '1', '555929300');
INSERT INTO public.chiavi (codice, descrizione, stato, ubicazione, cliente, indirizzo, citta, edificio, piano, mazzo) VALUES ('352533008', '01/LH3-B AULA 32 PORTA A VETRI', 'VALIDO', 'BOX 55', 'Corte d''Appello', 'VIALE GUIDONI 61', 'FIRENZE', 'AULA', '1', '555929300');
INSERT INTO public.chiavi (codice, descrizione, stato, ubicazione, cliente, indirizzo, citta, edificio, piano, mazzo) VALUES ('387351137', '01/LH3-C AULA 32 PORTA A VETRI ', 'VALIDO', 'BOX 55', 'Corte d''Appello', 'VIALE GUIDONI 61', 'FIRENZE', 'AULA', '1', '555929300');
INSERT INTO public.chiavi (codice, descrizione, stato, ubicazione, cliente, indirizzo, citta, edificio, piano, mazzo) VALUES ('316873440', '01/LH3-D AULA 32 PORTA A VETRI', 'VALIDO', 'BOX 55', 'Corte d''Appello', 'VIALE GUIDONI 61', 'FIRENZE', 'AULA', '1', '555929300');
INSERT INTO public.chiavi (codice, descrizione, stato, ubicazione, cliente, indirizzo, citta, edificio, piano, mazzo) VALUES ('320025534', '01/LH3 AULA 32 PORTA A VETRI ESTERNA SX', 'VALIDO', 'BOX 55', 'Corte d''Appello', 'VIALE GUIDONI 61', 'FIRENZE', 'AULA', '1', '555929300');
INSERT INTO public.chiavi (codice, descrizione, stato, ubicazione, cliente, indirizzo, citta, edificio, piano, mazzo) VALUES ('321203360', '01/LH3 AULA 32 PORTA A VETRI ESTERNA DX', 'VALIDO', 'BOX 55', 'Corte d''Appello', 'VIALE GUIDONI 61', 'FIRENZE', 'AULA', '1', '555929300');
INSERT INTO public.chiavi (codice, descrizione, stato, ubicazione, cliente, indirizzo, citta, edificio, piano, mazzo) VALUES ('316994032', '01/NWC-1 AULA 32', 'VALIDO', 'BOX 55', 'Corte d''Appello', 'VIALE GUIDONI 61', 'FIRENZE', 'WC', '1', '555929300');
INSERT INTO public.chiavi (codice, descrizione, stato, ubicazione, cliente, indirizzo, citta, edificio, piano, mazzo) VALUES ('314260384', '01/NWC-2 AULA 32', 'VALIDO', 'BOX 55', 'Corte d''Appello', 'VIALE GUIDONI 61', 'FIRENZE', 'WC', '1', '555929300');
INSERT INTO public.chiavi (codice, descrizione, stato, ubicazione, cliente, indirizzo, citta, edificio, piano, mazzo) VALUES ('307393851', '01/NWC1-A AULA 32', 'VALIDO', 'BOX 55', 'Corte d''Appello', 'VIALE GUIDONI 61', 'FIRENZE', 'WC', '1', '555929300');
INSERT INTO public.chiavi (codice, descrizione, stato, ubicazione, cliente, indirizzo, citta, edificio, piano, mazzo) VALUES ('320628784', '01/NWC2-B AULA 32', 'VALIDO', 'BOX 55', 'Corte d''Appello', 'VIALE GUIDONI 61', 'FIRENZE', 'WC', '1', '555929300');
INSERT INTO public.chiavi (codice, descrizione, stato, ubicazione, cliente, indirizzo, citta, edificio, piano, mazzo) VALUES ('310505569', '01/NWC-3 AULA 32', 'VALIDO', 'BOX 55', 'Corte d''Appello', 'VIALE GUIDONI 61', 'FIRENZE', 'WC', '1', '555929300');
INSERT INTO public.chiavi (codice, descrizione, stato, ubicazione, cliente, indirizzo, citta, edificio, piano, mazzo) VALUES ('316016399', '01/NWC3-A AULA 32', 'VALIDO', 'BOX 55', 'Corte d''Appello', 'VIALE GUIDONI 61', 'FIRENZE', 'WC', '1', '555929300');
INSERT INTO public.chiavi (codice, descrizione, stato, ubicazione, cliente, indirizzo, citta, edificio, piano, mazzo) VALUES ('352625169', '01/NWC4-A AULA 32', 'VALIDO', 'BOX 55', 'Corte d''Appello', 'VIALE GUIDONI 61', 'FIRENZE', 'WC', '1', '555929300');
INSERT INTO public.chiavi (codice, descrizione, stato, ubicazione, cliente, indirizzo, citta, edificio, piano, mazzo) VALUES ('313317243', '01/NWC4 AULA 32', 'VALIDO', 'BOX 55', 'Corte d''Appello', 'VIALE GUIDONI 61', 'FIRENZE', 'WC', '1', '555929300');
INSERT INTO public.chiavi (codice, descrizione, stato, ubicazione, cliente, indirizzo, citta, edificio, piano, mazzo) VALUES ('374396760', '03/D15-A ISPETTORATO MINISTERIALE', 'VALIDO', 'BOX 15', 'Corte d''Appello', 'VIALE GUIDONI 61', 'FIRENZE', 'UFFICIO', '3', '539004435');
INSERT INTO public.chiavi (codice, descrizione, stato, ubicazione, cliente, indirizzo, citta, edificio, piano, mazzo) VALUES ('310861740', '03/DH5-A CORRIDOIO', 'VALIDO', 'BOX 15', 'Corte d''Appello', 'VIALE GUIDONI 61', 'FIRENZE', 'CORRIDOIO', '3', '539004435');
INSERT INTO public.chiavi (codice, descrizione, stato, ubicazione, cliente, indirizzo, citta, edificio, piano, mazzo) VALUES ('365363898', '07/E11-A', 'VALIDO', 'BOX 24', 'Corte d''Appello', 'VIALE GUIDONI 61', 'FIRENZE', 'UFFICIO', '7', '521346148');
INSERT INTO public.chiavi (codice, descrizione, stato, ubicazione, cliente, indirizzo, citta, edificio, piano, mazzo) VALUES ('396846784', '14/E08 DX ', 'VALIDO', 'BOX 31', 'Corte d''Appello', 'VIALE GUIDONI 61', 'FIRENZE', 'UFFICIO', '14', '511634513');
INSERT INTO public.chiavi (codice, descrizione, stato, ubicazione, cliente, indirizzo, citta, edificio, piano, mazzo) VALUES ('318290410', '02/F- 671', 'VALIDO', 'BOX 33', 'Corte d''Appello', 'VIALE GUIDONI 61', 'FIRENZE', 'COLLEGAMENTO', '2', '551971526');
INSERT INTO public.chiavi (codice, descrizione, stato, ubicazione, cliente, indirizzo, citta, edificio, piano, mazzo) VALUES ('381984541', '02/F07 CORTE D''APPELLO', 'VALIDO', 'BOX 33', 'Corte d''Appello', 'VIALE GUIDONI 61', 'FIRENZE', 'UFFICIO', '2', '551971526');
INSERT INTO public.chiavi (codice, descrizione, stato, ubicazione, cliente, indirizzo, citta, edificio, piano, mazzo) VALUES ('319189099', '09/G11-A TRIBUNALE SEGRETERIA PRESIDENZA', 'VALIDO', 'BOX 49', 'Corte d''Appello', 'VIALE GUIDONI 61', 'FIRENZE', 'UFFICIO', '9', '591207051');
INSERT INTO public.chiavi (codice, descrizione, stato, ubicazione, cliente, indirizzo, citta, edificio, piano, mazzo) VALUES ('318731754', '09/G11 TRIBUNALE SEGRETERIA PRESIDENZA', 'VALIDO', 'BOX 49', 'Corte d''Appello', 'VIALE GUIDONI 61', 'FIRENZE', 'UFFICIO', '9', '591207051');
INSERT INTO public.chiavi (codice, descrizione, stato, ubicazione, cliente, indirizzo, citta, edificio, piano, mazzo) VALUES ('314031474', '09/G12 TRIBUNALE UFFICIO', 'VALIDO', 'BOX 49', 'Corte d''Appello', 'VIALE GUIDONI 61', 'FIRENZE', 'UFFICIO', '9', '591207051');
INSERT INTO public.chiavi (codice, descrizione, stato, ubicazione, cliente, indirizzo, citta, edificio, piano, mazzo) VALUES ('320795136', '09/GWC1-A TRIBUNALE', 'VALIDO', 'BOX 49', 'Corte d''Appello', 'VIALE GUIDONI 61', 'FIRENZE', 'WC', '9', '591207051');
INSERT INTO public.chiavi (codice, descrizione, stato, ubicazione, cliente, indirizzo, citta, edificio, piano, mazzo) VALUES ('387271560', '09/GWC-1 TRIBUNALE', 'VALIDO', 'BOX 49', 'Corte d''Appello', 'VIALE GUIDONI 61', 'FIRENZE', 'WC', '9', '591207051');
INSERT INTO public.chiavi (codice, descrizione, stato, ubicazione, cliente, indirizzo, citta, edificio, piano, mazzo) VALUES ('385429398', '09/GWC1-B TRIBUNALE', 'VALIDO', 'BOX 49', 'Corte d''Appello', 'VIALE GUIDONI 61', 'FIRENZE', 'WC', '9', '591207051');
INSERT INTO public.chiavi (codice, descrizione, stato, ubicazione, cliente, indirizzo, citta, edificio, piano, mazzo) VALUES ('359973860', '09/GWC-2 TRIBUNALE', 'VALIDO', 'BOX 49', 'Corte d''Appello', 'VIALE GUIDONI 61', 'FIRENZE', 'WC', '9', '591207051');
INSERT INTO public.chiavi (codice, descrizione, stato, ubicazione, cliente, indirizzo, citta, edificio, piano, mazzo) VALUES ('310681939', '09/GWC2-A TRIBUNALE', 'VALIDO', 'BOX 49', 'Corte d''Appello', 'VIALE GUIDONI 61', 'FIRENZE', 'WC', '9', '591207051');
INSERT INTO public.chiavi (codice, descrizione, stato, ubicazione, cliente, indirizzo, citta, edificio, piano, mazzo) VALUES ('318642889', '09/GWC2-B TRIBUNALE', 'VALIDO', 'BOX 49', 'Corte d''Appello', 'VIALE GUIDONI 61', 'FIRENZE', 'WC', '9', '591207051');
INSERT INTO public.chiavi (codice, descrizione, stato, ubicazione, cliente, indirizzo, citta, edificio, piano, mazzo) VALUES ('377324110', '09/GWC-4 TRIBUNALE', 'VALIDO', 'BOX 49', 'Corte d''Appello', 'VIALE GUIDONI 61', 'FIRENZE', 'WC', '9', '591207051');
INSERT INTO public.chiavi (codice, descrizione, stato, ubicazione, cliente, indirizzo, citta, edificio, piano, mazzo) VALUES ('321473213', '09/GWC-3 TRIBUNALE', 'VALIDO', 'BOX 49', 'Corte d''Appello', 'VIALE GUIDONI 61', 'FIRENZE', 'WC', '9', '591207051');
INSERT INTO public.chiavi (codice, descrizione, stato, ubicazione, cliente, indirizzo, citta, edificio, piano, mazzo) VALUES ('352190677', '09/GWC4-A TRIBUNALE', 'VALIDO', 'BOX 49', 'Corte d''Appello', 'VIALE GUIDONI 61', 'FIRENZE', 'WC', '9', '591207051');
INSERT INTO public.chiavi (codice, descrizione, stato, ubicazione, cliente, indirizzo, citta, edificio, piano, mazzo) VALUES ('316830035', '09/H01 TRIBUNALE UFFICIO', 'VALIDO', 'BOX 49', 'Corte d''Appello', 'VIALE GUIDONI 61', 'FIRENZE', 'UFFICIO', '9', '595646463');
INSERT INTO public.chiavi (codice, descrizione, stato, ubicazione, cliente, indirizzo, citta, edificio, piano, mazzo) VALUES ('318534842', '09/H02 TRIBUNALE UFFICIO', 'VALIDO', 'BOX 49', 'Corte d''Appello', 'VIALE GUIDONI 61', 'FIRENZE', 'UFFICIO', '9', '595646463');
INSERT INTO public.chiavi (codice, descrizione, stato, ubicazione, cliente, indirizzo, citta, edificio, piano, mazzo) VALUES ('316261869', '09/H03 TRIBUNALE RIUNIONI', 'VALIDO', 'BOX 49', 'Corte d''Appello', 'VIALE GUIDONI 61', 'FIRENZE', 'UFFICIO', '9', '595646463');
INSERT INTO public.chiavi (codice, descrizione, stato, ubicazione, cliente, indirizzo, citta, edificio, piano, mazzo) VALUES ('315337802', '09/H04 TRIBUNALE DIRIGENTE', 'VALIDO', 'BOX 49', 'Corte d''Appello', 'VIALE GUIDONI 61', 'FIRENZE', 'UFFICIO', '9', '595646463');
INSERT INTO public.chiavi (codice, descrizione, stato, ubicazione, cliente, indirizzo, citta, edificio, piano, mazzo) VALUES ('318016387', '09/H05 TRIBUNALE ATTESA', 'VALIDO', 'BOX 49', 'Corte d''Appello', 'VIALE GUIDONI 61', 'FIRENZE', 'UFFICIO', '9', '595646463');
INSERT INTO public.chiavi (codice, descrizione, stato, ubicazione, cliente, indirizzo, citta, edificio, piano, mazzo) VALUES ('335858856', '09/H06 TRIBUNALE PERSONALE', 'VALIDO', 'BOX 49', 'Corte d''Appello', 'VIALE GUIDONI 61', 'FIRENZE', 'UFFICIO', '9', '595646463');
INSERT INTO public.chiavi (codice, descrizione, stato, ubicazione, cliente, indirizzo, citta, edificio, piano, mazzo) VALUES ('325613608', '09/H06-A TRIBUNALE PERSONALE', 'VALIDO', 'BOX 49', 'Corte d''Appello', 'VIALE GUIDONI 61', 'FIRENZE', 'UFFICIO', '9', '595646463');
INSERT INTO public.chiavi (codice, descrizione, stato, ubicazione, cliente, indirizzo, citta, edificio, piano, mazzo) VALUES ('389342763', '09/H07 TRIBUNALE UFFICIO', 'VALIDO', 'BOX 49', 'Corte d''Appello', 'VIALE GUIDONI 61', 'FIRENZE', 'UFFICIO', '9', '595646463');
INSERT INTO public.chiavi (codice, descrizione, stato, ubicazione, cliente, indirizzo, citta, edificio, piano, mazzo) VALUES ('319052272', '09/H08 TRIBUNALE PERSONALE', 'VALIDO', 'BOX 49', 'Corte d''Appello', 'VIALE GUIDONI 61', 'FIRENZE', 'UFFICIO', '9', '595646463');
INSERT INTO public.chiavi (codice, descrizione, stato, ubicazione, cliente, indirizzo, citta, edificio, piano, mazzo) VALUES ('317171316', '09/H08-A TRIBUNALE PERSONALE', 'VALIDO', 'BOX 49', 'Corte d''Appello', 'VIALE GUIDONI 61', 'FIRENZE', 'UFFICIO', '9', '595646463');
INSERT INTO public.chiavi (codice, descrizione, stato, ubicazione, cliente, indirizzo, citta, edificio, piano, mazzo) VALUES ('339867270', '09/H08-B TRIBUNALE PERSONALE', 'VALIDO', 'BOX 49', 'Corte d''Appello', 'VIALE GUIDONI 61', 'FIRENZE', 'UFFICIO', '9', '595646463');
INSERT INTO public.chiavi (codice, descrizione, stato, ubicazione, cliente, indirizzo, citta, edificio, piano, mazzo) VALUES ('322069046', '09/H09-A TRIBUNALE UFFICIO', 'VALIDO', 'BOX 49', 'Corte d''Appello', 'VIALE GUIDONI 61', 'FIRENZE', 'UFFICIO', '9', '595646463');
INSERT INTO public.chiavi (codice, descrizione, stato, ubicazione, cliente, indirizzo, citta, edificio, piano, mazzo) VALUES ('315003765', '09/H09-B TRIBUNALE UFFICIO', 'VALIDO', 'BOX 49', 'Corte d''Appello', 'VIALE GUIDONI 61', 'FIRENZE', 'UFFICIO', '9', '595646463');
INSERT INTO public.chiavi (codice, descrizione, stato, ubicazione, cliente, indirizzo, citta, edificio, piano, mazzo) VALUES ('323543776', '09/H10 TRIBUNALE UFFICIO', 'VALIDO', 'BOX 49', 'Corte d''Appello', 'VIALE GUIDONI 61', 'FIRENZE', 'UFFICIO', '9', '595646463');
INSERT INTO public.chiavi (codice, descrizione, stato, ubicazione, cliente, indirizzo, citta, edificio, piano, mazzo) VALUES ('334916642', '09/H11 TRIBUNALE UFFICIO', 'VALIDO', 'BOX 49', 'Corte d''Appello', 'VIALE GUIDONI 61', 'FIRENZE', 'UFFICIO', '9', '595646463');
INSERT INTO public.chiavi (codice, descrizione, stato, ubicazione, cliente, indirizzo, citta, edificio, piano, mazzo) VALUES ('331341832', '09/I01-A TRIBUNALE UFICIO', 'VALIDO', 'BOX 49', 'Corte d''Appello', 'VIALE GUIDONI 61', 'FIRENZE', 'UFFICIO', '9', '564223689');
INSERT INTO public.chiavi (codice, descrizione, stato, ubicazione, cliente, indirizzo, citta, edificio, piano, mazzo) VALUES ('319694713', '09/I01-B TRIBUNALE UFFICIO', 'VALIDO', 'BOX 49', 'Corte d''Appello', 'VIALE GUIDONI 61', 'FIRENZE', 'UFFICIO', '9', '564223689');
INSERT INTO public.chiavi (codice, descrizione, stato, ubicazione, cliente, indirizzo, citta, edificio, piano, mazzo) VALUES ('305445576', '09/I02-A TRIBUNALE UFICIO', 'VALIDO', 'BOX 49', 'Corte d''Appello', 'VIALE GUIDONI 61', 'FIRENZE', 'UFFICIO', '9', '564223689');
INSERT INTO public.chiavi (codice, descrizione, stato, ubicazione, cliente, indirizzo, citta, edificio, piano, mazzo) VALUES ('311507300', '09/I02-B TRIBUNALE UFICIO', 'VALIDO', 'BOX 49', 'Corte d''Appello', 'VIALE GUIDONI 61', 'FIRENZE', 'UFFICIO', '9', '564223689');
INSERT INTO public.chiavi (codice, descrizione, stato, ubicazione, cliente, indirizzo, citta, edificio, piano, mazzo) VALUES ('314400575', '09/I03-A TRIBUNALE UFICIO', 'VALIDO', 'BOX 49', 'Corte d''Appello', 'VIALE GUIDONI 61', 'FIRENZE', 'UFFICIO', '9', '564223689');
INSERT INTO public.chiavi (codice, descrizione, stato, ubicazione, cliente, indirizzo, citta, edificio, piano, mazzo) VALUES ('311051541', '09/I03-B TRIBUNALE UFICIO', 'VALIDO', 'BOX 49', 'Corte d''Appello', 'VIALE GUIDONI 61', 'FIRENZE', 'UFFICIO', '9', '564223689');
INSERT INTO public.chiavi (codice, descrizione, stato, ubicazione, cliente, indirizzo, citta, edificio, piano, mazzo) VALUES ('352564297', '09/I04-A TRIBUNALE UFICIO', 'VALIDO', 'BOX 49', 'Corte d''Appello', 'VIALE GUIDONI 61', 'FIRENZE', 'UFFICIO', '9', '564223689');
INSERT INTO public.chiavi (codice, descrizione, stato, ubicazione, cliente, indirizzo, citta, edificio, piano, mazzo) VALUES ('316390541', '09/I04-B TRIBUNALE UFICIO', 'VALIDO', 'BOX 49', 'Corte d''Appello', 'VIALE GUIDONI 61', 'FIRENZE', 'UFFICIO', '9', '564223689');
INSERT INTO public.chiavi (codice, descrizione, stato, ubicazione, cliente, indirizzo, citta, edificio, piano, mazzo) VALUES ('368213513', '09/I05 TRIBUNALE AUTISTI', 'VALIDO', 'BOX 49', 'Corte d''Appello', 'VIALE GUIDONI 61', 'FIRENZE', 'UFFICIO', '9', '564223689');
INSERT INTO public.chiavi (codice, descrizione, stato, ubicazione, cliente, indirizzo, citta, edificio, piano, mazzo) VALUES ('354014604', '09/I07-A TRIBUNALE UFFICIO', 'VALIDO', 'BOX 49', 'Corte d''Appello', 'VIALE GUIDONI 61', 'FIRENZE', 'UFFICIO', '9', '564223689');
INSERT INTO public.chiavi (codice, descrizione, stato, ubicazione, cliente, indirizzo, citta, edificio, piano, mazzo) VALUES ('322769366', '09/I10 TRIBUNALE AULA GIP', 'VALIDO', 'BOX 49', 'Corte d''Appello', 'VIALE GUIDONI 61', 'FIRENZE', 'UFFICIO', '9', '564223689');
INSERT INTO public.chiavi (codice, descrizione, stato, ubicazione, cliente, indirizzo, citta, edificio, piano, mazzo) VALUES ('368121663', '09/I11-A TRIBUNALE AULA GIP', 'VALIDO', 'BOX 49', 'Corte d''Appello', 'VIALE GUIDONI 61', 'FIRENZE', 'UFFICIO', '9', '564223689');
INSERT INTO public.chiavi (codice, descrizione, stato, ubicazione, cliente, indirizzo, citta, edificio, piano, mazzo) VALUES ('320478668', '09/I11 TRIBUNALE AULA GIP', 'VALIDO', 'BOX 49', 'Corte d''Appello', 'VIALE GUIDONI 61', 'FIRENZE', 'UFFICIO', '9', '564223689');
INSERT INTO public.chiavi (codice, descrizione, stato, ubicazione, cliente, indirizzo, citta, edificio, piano, mazzo) VALUES ('319219825', '09/I12 TRIBUNALE AULA GIP', 'VALIDO', 'BOX 49', 'Corte d''Appello', 'VIALE GUIDONI 61', 'FIRENZE', 'UFFICIO', '9', '564223689');
INSERT INTO public.chiavi (codice, descrizione, stato, ubicazione, cliente, indirizzo, citta, edificio, piano, mazzo) VALUES ('353880077', '09/I12-A TRIBUNALE AULA GIP', 'VALIDO', 'BOX 49', 'Corte d''Appello', 'VIALE GUIDONI 61', 'FIRENZE', 'UFFICIO', '9', '564223689');
INSERT INTO public.chiavi (codice, descrizione, stato, ubicazione, cliente, indirizzo, citta, edificio, piano, mazzo) VALUES ('338797330', '09/I13 TRIBUNALE AULA GIP', 'VALIDO', 'BOX 49', 'Corte d''Appello', 'VIALE GUIDONI 61', 'FIRENZE', 'UFFICIO', '9', '564223689');
INSERT INTO public.chiavi (codice, descrizione, stato, ubicazione, cliente, indirizzo, citta, edificio, piano, mazzo) VALUES ('314722219', '09/I13-A TRIBUNALE AULA GIP', 'VALIDO', 'BOX 49', 'Corte d''Appello', 'VIALE GUIDONI 61', 'FIRENZE', 'UFFICIO', '9', '564223689');
INSERT INTO public.chiavi (codice, descrizione, stato, ubicazione, cliente, indirizzo, citta, edificio, piano, mazzo) VALUES ('312168816', '09/I13-A TRIBUNALE AULA GIP', 'VALIDO', 'BOX 49', 'Corte d''Appello', 'VIALE GUIDONI 61', 'FIRENZE', 'UFFICIO', '9', '564223689');
INSERT INTO public.chiavi (codice, descrizione, stato, ubicazione, cliente, indirizzo, citta, edificio, piano, mazzo) VALUES ('311123883', '09/I15-B TRIBUNALE AULA GIP', 'VALIDO', 'BOX 49', 'Corte d''Appello', 'VIALE GUIDONI 61', 'FIRENZE', 'UFFICIO', '9', '564223689');
INSERT INTO public.chiavi (codice, descrizione, stato, ubicazione, cliente, indirizzo, citta, edificio, piano, mazzo) VALUES ('319542413', '09/I16-B TRIBUNALE ECONOMATO', 'VALIDO', 'BOX 49', 'Corte d''Appello', 'VIALE GUIDONI 61', 'FIRENZE', 'UFFICIO', '9', '564223689');
INSERT INTO public.chiavi (codice, descrizione, stato, ubicazione, cliente, indirizzo, citta, edificio, piano, mazzo) VALUES ('315055489', '09/I16-A TRIBUNALE ECONOMATO', 'VALIDO', 'BOX 49', 'Corte d''Appello', 'VIALE GUIDONI 61', 'FIRENZE', 'UFFICIO', '9', '564223689');
INSERT INTO public.chiavi (codice, descrizione, stato, ubicazione, cliente, indirizzo, citta, edificio, piano, mazzo) VALUES ('321006348', '09/I17-A TRIBUNALE UFFICIO', 'VALIDO', 'BOX 49', 'Corte d''Appello', 'VIALE GUIDONI 61', 'FIRENZE', 'UFFICIO', '9', '564223689');
INSERT INTO public.chiavi (codice, descrizione, stato, ubicazione, cliente, indirizzo, citta, edificio, piano, mazzo) VALUES ('319381523', '09/I17-B TRIBUNALE ECONOMATO', 'VALIDO', 'BOX 49', 'Corte d''Appello', 'VIALE GUIDONI 61', 'FIRENZE', 'UFFICIO', '9', '564223689');
INSERT INTO public.chiavi (codice, descrizione, stato, ubicazione, cliente, indirizzo, citta, edificio, piano, mazzo) VALUES ('384910798', '09/I18 TRIBUNALE INFORMATICA', 'VALIDO', 'BOX 49', 'Corte d''Appello', 'VIALE GUIDONI 61', 'FIRENZE', 'UFFICIO', '9', '564223689');
INSERT INTO public.chiavi (codice, descrizione, stato, ubicazione, cliente, indirizzo, citta, edificio, piano, mazzo) VALUES ('319429965', '09/I19 TRIBUNALE ECONOMATO', 'VALIDO', 'BOX 49', 'Corte d''Appello', 'VIALE GUIDONI 61', 'FIRENZE', 'UFFICIO', '9', '564223689');
INSERT INTO public.chiavi (codice, descrizione, stato, ubicazione, cliente, indirizzo, citta, edificio, piano, mazzo) VALUES ('315460120', '09/I21 TRIBUNALE UFFICIO', 'VALIDO', 'BOX 49', 'Corte d''Appello', 'VIALE GUIDONI 61', 'FIRENZE', 'UFFICIO', '9', '564223689');
INSERT INTO public.chiavi (codice, descrizione, stato, ubicazione, cliente, indirizzo, citta, edificio, piano, mazzo) VALUES ('335032468', '09/I22 TRIBUNALE UFFICIO', 'VALIDO', 'BOX 49', 'Corte d''Appello', 'VIALE GUIDONI 61', 'FIRENZE', 'UFFICIO', '9', '564223689');
INSERT INTO public.chiavi (codice, descrizione, stato, ubicazione, cliente, indirizzo, citta, edificio, piano, mazzo) VALUES ('319631840', '09/I23 TRIBUNALE UFFICIO', 'VALIDO', 'BOX 49', 'Corte d''Appello', 'VIALE GUIDONI 61', 'FIRENZE', 'UFFICIO', '9', '564223689');
INSERT INTO public.chiavi (codice, descrizione, stato, ubicazione, cliente, indirizzo, citta, edificio, piano, mazzo) VALUES ('312360836', '09/I24 TRIBUNALE UFFICIO', 'VALIDO', 'BOX 49', 'Corte d''Appello', 'VIALE GUIDONI 61', 'FIRENZE', 'UFFICIO', '9', '564223689');
INSERT INTO public.chiavi (codice, descrizione, stato, ubicazione, cliente, indirizzo, citta, edificio, piano, mazzo) VALUES ('317930971', '09/I25 TRIBUNALE UFFICIO', 'VALIDO', 'BOX 49', 'Corte d''Appello', 'VIALE GUIDONI 61', 'FIRENZE', 'UFFICIO', '9', '564223689');
INSERT INTO public.chiavi (codice, descrizione, stato, ubicazione, cliente, indirizzo, citta, edificio, piano, mazzo) VALUES ('310163639', '09/IWC-1 TRIBUNALE', 'VALIDO', 'BOX 49', 'Corte d''Appello', 'VIALE GUIDONI 61', 'FIRENZE', 'WC', '9', '564223689');
INSERT INTO public.chiavi (codice, descrizione, stato, ubicazione, cliente, indirizzo, citta, edificio, piano, mazzo) VALUES ('367128075', '09/IWC-B TRIBUNALE', 'VALIDO', 'BOX 49', 'Corte d''Appello', 'VIALE GUIDONI 61', 'FIRENZE', 'WC', '9', '564223689');
INSERT INTO public.chiavi (codice, descrizione, stato, ubicazione, cliente, indirizzo, citta, edificio, piano, mazzo) VALUES ('315547525', '09/IWC1-A TRIBUNALE', 'VALIDO', 'BOX 49', 'Corte d''Appello', 'VIALE GUIDONI 61', 'FIRENZE', 'WC', '9', '564223689');
INSERT INTO public.chiavi (codice, descrizione, stato, ubicazione, cliente, indirizzo, citta, edificio, piano, mazzo) VALUES ('314007590', '09/IWC-2 TRIBUNALE', 'VALIDO', 'BOX 49', 'Corte d''Appello', 'VIALE GUIDONI 61', 'FIRENZE', 'WC', '9', '564223689');
INSERT INTO public.chiavi (codice, descrizione, stato, ubicazione, cliente, indirizzo, citta, edificio, piano, mazzo) VALUES ('317654245', '09/IWC2-A TRIBUNALE', 'VALIDO', 'BOX 49', 'Corte d''Appello', 'VIALE GUIDONI 61', 'FIRENZE', 'WC', '9', '564223689');
INSERT INTO public.chiavi (codice, descrizione, stato, ubicazione, cliente, indirizzo, citta, edificio, piano, mazzo) VALUES ('310373807', '09/IWC2-B TRIBUNALE', 'VALIDO', 'BOX 49', 'Corte d''Appello', 'VIALE GUIDONI 61', 'FIRENZE', 'WC', '9', '564223689');
INSERT INTO public.chiavi (codice, descrizione, stato, ubicazione, cliente, indirizzo, citta, edificio, piano, mazzo) VALUES ('313174833', '09/IWC-3 TRIBUNALE', 'VALIDO', 'BOX 49', 'Corte d''Appello', 'VIALE GUIDONI 61', 'FIRENZE', 'WC', '9', '564223689');
INSERT INTO public.chiavi (codice, descrizione, stato, ubicazione, cliente, indirizzo, citta, edificio, piano, mazzo) VALUES ('379780877', '09/IWC4-A TRIBUNALE', 'VALIDO', 'BOX 49', 'Corte d''Appello', 'VIALE GUIDONI 61', 'FIRENZE', 'WC', '9', '564223689');
INSERT INTO public.chiavi (codice, descrizione, stato, ubicazione, cliente, indirizzo, citta, edificio, piano, mazzo) VALUES ('316744598', '09/IWC-4 TRIBUNALE', 'VALIDO', 'BOX 49', 'Corte d''Appello', 'VIALE GUIDONI 61', 'FIRENZE', 'WC', '9', '564223689');
INSERT INTO public.chiavi (codice, descrizione, stato, ubicazione, cliente, indirizzo, citta, edificio, piano, mazzo) VALUES ('343398366', '10/CORRIDOIO-G CORTE D''APPELLO', 'VALIDO', 'BOX 50', 'Corte d''Appello', 'VIALE GUIDONI 61', 'FIRENZE', 'CORRIDOIO', '10', '517753693');
INSERT INTO public.chiavi (codice, descrizione, stato, ubicazione, cliente, indirizzo, citta, edificio, piano, mazzo) VALUES ('315836903', '10/GH2 COLLEGAMENTO CORTE D''APPELLO', 'VALIDO', 'BOX 50', 'Corte d''Appello', 'VIALE GUIDONI 61', 'FIRENZE', 'COLLEGAMENTO', '10', '517753693');
INSERT INTO public.chiavi (codice, descrizione, stato, ubicazione, cliente, indirizzo, citta, edificio, piano, mazzo) VALUES ('310503629', '10/G02 FOTOCOPIE CORTE D''APPELLO', 'VALIDO', 'BOX 50', 'Corte d''Appello', 'VIALE GUIDONI 61', 'FIRENZE', 'UFFICIO', '10', '517753693');
INSERT INTO public.chiavi (codice, descrizione, stato, ubicazione, cliente, indirizzo, citta, edificio, piano, mazzo) VALUES ('374453006', '10/G06 CORTE D''APPELLO UFFICIO FORMAZIONE PERSONALE', 'VALIDO', 'BOX 50', 'Corte d''Appello', 'VIALE GUIDONI 61', 'FIRENZE', 'UFFICIO', '10', '517753693');
INSERT INTO public.chiavi (codice, descrizione, stato, ubicazione, cliente, indirizzo, citta, edificio, piano, mazzo) VALUES ('372648737', '10/G07 CORTE D''APPELLO UFFICIO FORMAZIONE PERSONALE', 'VALIDO', 'BOX 50', 'Corte d''Appello', 'VIALE GUIDONI 61', 'FIRENZE', 'UFFICIO', '10', '517753693');
INSERT INTO public.chiavi (codice, descrizione, stato, ubicazione, cliente, indirizzo, citta, edificio, piano, mazzo) VALUES ('317860619', '10/G08 CORTE D''APPELLO UFFICIO FORMAZIONE PERSONALE', 'VALIDO', 'BOX 50', 'Corte d''Appello', 'VIALE GUIDONI 61', 'FIRENZE', 'UFFICIO', '10', '517753693');
INSERT INTO public.chiavi (codice, descrizione, stato, ubicazione, cliente, indirizzo, citta, edificio, piano, mazzo) VALUES ('375463676', '10/G05 CORTE D''APPELLO UFFICIO', 'VALIDO', 'BOX 50', 'Corte d''Appello', 'VIALE GUIDONI 61', 'FIRENZE', 'UFFICIO', '10', '517753693');
INSERT INTO public.chiavi (codice, descrizione, stato, ubicazione, cliente, indirizzo, citta, edificio, piano, mazzo) VALUES ('321242973', '10/GWC-1 CORTE D''APPELLO', 'VALIDO', 'BOX 50', 'Corte d''Appello', 'VIALE GUIDONI 61', 'FIRENZE', 'WC', '10', '517753693');
INSERT INTO public.chiavi (codice, descrizione, stato, ubicazione, cliente, indirizzo, citta, edificio, piano, mazzo) VALUES ('317578447', '10/G04 CORTE D''APPELLO AULA FORMAZIONE PERSONALE', 'VALIDO', 'BOX 50', 'Corte d''Appello', 'VIALE GUIDONI 61', 'FIRENZE', 'UFFICIO', '10', '517753693');
INSERT INTO public.chiavi (codice, descrizione, stato, ubicazione, cliente, indirizzo, citta, edificio, piano, mazzo) VALUES ('311642903', '10/GWC1-A CORTE D''APPELLO', 'VALIDO', 'BOX 50', 'Corte d''Appello', 'VIALE GUIDONI 61', 'FIRENZE', 'WC', '10', '517753693');
INSERT INTO public.chiavi (codice, descrizione, stato, ubicazione, cliente, indirizzo, citta, edificio, piano, mazzo) VALUES ('321632607', '10/GWC-2 CORTE D''APPELLO', 'VALIDO', 'BOX 50', 'Corte d''Appello', 'VIALE GUIDONI 61', 'FIRENZE', 'WC', '10', '517753693');
INSERT INTO public.chiavi (codice, descrizione, stato, ubicazione, cliente, indirizzo, citta, edificio, piano, mazzo) VALUES ('359785945', '10/GWC2-A CORTE D''APPELLO', 'VALIDO', 'BOX 50', 'Corte d''Appello', 'VIALE GUIDONI 61', 'FIRENZE', 'WC', '10', '517753693');
INSERT INTO public.chiavi (codice, descrizione, stato, ubicazione, cliente, indirizzo, citta, edificio, piano, mazzo) VALUES ('351686201', '11/G01-A TRIBUNALE OCF', 'VALIDO', 'BOX 51', 'Corte d''Appello', 'VIALE GUIDONI 61', 'FIRENZE', 'UFFICIO', '11', '511515249');
INSERT INTO public.chiavi (codice, descrizione, stato, ubicazione, cliente, indirizzo, citta, edificio, piano, mazzo) VALUES ('325185809', '11/G01-A TRIBUNALE OCF FOTOCOPIE', 'VALIDO', 'BOX 51', 'Corte d''Appello', 'VIALE GUIDONI 61', 'FIRENZE', 'UFFICIO', '11', '511515249');
INSERT INTO public.chiavi (codice, descrizione, stato, ubicazione, cliente, indirizzo, citta, edificio, piano, mazzo) VALUES ('371909600', '11/G01-B TRIBUNALE UFFICIO FORMAZIONE MAGISTRATI', 'VALIDO', 'BOX 51', 'Corte d''Appello', 'VIALE GUIDONI 61', 'FIRENZE', 'UFFICIO', '11', '511515249');
INSERT INTO public.chiavi (codice, descrizione, stato, ubicazione, cliente, indirizzo, citta, edificio, piano, mazzo) VALUES ('310166756', '11/G02 TRIBUNALE UFFICIO FORMAZIONE MAGISTRATI', 'VALIDO', 'BOX 51', 'Corte d''Appello', 'VIALE GUIDONI 61', 'FIRENZE', 'UFFICIO', '11', '511515249');
INSERT INTO public.chiavi (codice, descrizione, stato, ubicazione, cliente, indirizzo, citta, edificio, piano, mazzo) VALUES ('319295692', '11/G03 TRIBUNALE UFFICIO FORMAZIONE MAGISTRATI', 'VALIDO', 'BOX 51', 'Corte d''Appello', 'VIALE GUIDONI 61', 'FIRENZE', 'UFFICIO', '11', '511515249');
INSERT INTO public.chiavi (codice, descrizione, stato, ubicazione, cliente, indirizzo, citta, edificio, piano, mazzo) VALUES ('375675503', '11/G04-A TRIBUNALE AULA FORMAZIONE MAGISTRATI', 'VALIDO', 'BOX 51', 'Corte d''Appello', 'VIALE GUIDONI 61', 'FIRENZE', 'UFFICIO', '11', '511515249');
INSERT INTO public.chiavi (codice, descrizione, stato, ubicazione, cliente, indirizzo, citta, edificio, piano, mazzo) VALUES ('317461753', '11/G04-B TRIBUNALE UFFICIO FORMAZIONE MAGISTRATI', 'VALIDO', 'BOX 51', 'Corte d''Appello', 'VIALE GUIDONI 61', 'FIRENZE', 'UFFICIO', '11', '511515249');
INSERT INTO public.chiavi (codice, descrizione, stato, ubicazione, cliente, indirizzo, citta, edificio, piano, mazzo) VALUES ('317892583', '08/I13 TRIBUNALE POSTA', 'VALIDO', 'BOX 48', 'Corte d''Appello', 'VIALE GUIDONI 61', 'FIRENZE', 'UFFICIO', '8', '560356161');
INSERT INTO public.chiavi (codice, descrizione, stato, ubicazione, cliente, indirizzo, citta, edificio, piano, mazzo) VALUES ('310998881', '08/I14 TRIBUNALE SEGRETERIA', 'VALIDO', 'BOX 48', 'Corte d''Appello', 'VIALE GUIDONI 61', 'FIRENZE', 'UFFICIO', '8', '560356161');
INSERT INTO public.chiavi (codice, descrizione, stato, ubicazione, cliente, indirizzo, citta, edificio, piano, mazzo) VALUES ('317473533', '08/I15 TRIBUNALE GIP', 'VALIDO', 'BOX 48', 'Corte d''Appello', 'VIALE GUIDONI 61', 'FIRENZE', 'UFFICIO', '8', '560356161');
INSERT INTO public.chiavi (codice, descrizione, stato, ubicazione, cliente, indirizzo, citta, edificio, piano, mazzo) VALUES ('311437912', '08/I15-A TRIBUNALE GIP', 'VALIDO', 'BOX 48', 'Corte d''Appello', 'VIALE GUIDONI 61', 'FIRENZE', 'UFFICIO', '8', '560356161');
INSERT INTO public.chiavi (codice, descrizione, stato, ubicazione, cliente, indirizzo, citta, edificio, piano, mazzo) VALUES ('310416158', '08/I16 TRIBUNALE GIP', 'VALIDO', 'BOX 48', 'Corte d''Appello', 'VIALE GUIDONI 61', 'FIRENZE', 'UFFICIO', '8', '560356161');
INSERT INTO public.chiavi (codice, descrizione, stato, ubicazione, cliente, indirizzo, citta, edificio, piano, mazzo) VALUES ('314241905', '08/I17 TRIBUNALE GIP', 'VALIDO', 'BOX 48', 'Corte d''Appello', 'VIALE GUIDONI 61', 'FIRENZE', 'UFFICIO', '8', '560356161');
INSERT INTO public.chiavi (codice, descrizione, stato, ubicazione, cliente, indirizzo, citta, edificio, piano, mazzo) VALUES ('356950725', '08/I17-A TRIBUNALE GIP', 'VALIDO', 'BOX 48', 'Corte d''Appello', 'VIALE GUIDONI 61', 'FIRENZE', 'UFFICIO', '8', '560356161');
INSERT INTO public.chiavi (codice, descrizione, stato, ubicazione, cliente, indirizzo, citta, edificio, piano, mazzo) VALUES ('317845439', '08/I18 TRIBUNALE SEGRETERIA', 'VALIDO', 'BOX 48', 'Corte d''Appello', 'VIALE GUIDONI 61', 'FIRENZE', 'UFFICIO', '8', '560356161');
INSERT INTO public.chiavi (codice, descrizione, stato, ubicazione, cliente, indirizzo, citta, edificio, piano, mazzo) VALUES ('312795379', '08/I18-A TRIBUNALE SEGRETERIA', 'VALIDO', 'BOX 48', 'Corte d''Appello', 'VIALE GUIDONI 61', 'FIRENZE', 'UFFICIO', '8', '560356161');
INSERT INTO public.chiavi (codice, descrizione, stato, ubicazione, cliente, indirizzo, citta, edificio, piano, mazzo) VALUES ('329809175', '08/I19 TRIBUNALE SEGRETERIA', 'VALIDO', 'BOX 48', 'Corte d''Appello', 'VIALE GUIDONI 61', 'FIRENZE', 'UFFICIO', '8', '560356161');
INSERT INTO public.chiavi (codice, descrizione, stato, ubicazione, cliente, indirizzo, citta, edificio, piano, mazzo) VALUES ('315057692', '08/I19-A TRIBUNALE SEGRETERIA', 'VALIDO', 'BOX 48', 'Corte d''Appello', 'VIALE GUIDONI 61', 'FIRENZE', 'UFFICIO', '8', '560356161');
INSERT INTO public.chiavi (codice, descrizione, stato, ubicazione, cliente, indirizzo, citta, edificio, piano, mazzo) VALUES ('358833349', '08/I20 TRIBUNALE GIP', 'VALIDO', 'BOX 48', 'Corte d''Appello', 'VIALE GUIDONI 61', 'FIRENZE', 'UFFICIO', '8', '560356161');
INSERT INTO public.chiavi (codice, descrizione, stato, ubicazione, cliente, indirizzo, citta, edificio, piano, mazzo) VALUES ('365725341', '08/I20-A TRIBUNALE GIP', 'VALIDO', 'BOX 48', 'Corte d''Appello', 'VIALE GUIDONI 61', 'FIRENZE', 'UFFICIO', '8', '560356161');
INSERT INTO public.chiavi (codice, descrizione, stato, ubicazione, cliente, indirizzo, citta, edificio, piano, mazzo) VALUES ('382243065', '08/I21 TRIBUNALE RICONOSCIMENTI', 'VALIDO', 'BOX 48', 'Corte d''Appello', 'VIALE GUIDONI 61', 'FIRENZE', 'UFFICIO', '8', '560356161');
INSERT INTO public.chiavi (codice, descrizione, stato, ubicazione, cliente, indirizzo, citta, edificio, piano, mazzo) VALUES ('375825554', '08/I22 TRIBUNALE GIP', 'VALIDO', 'BOX 48', 'Corte d''Appello', 'VIALE GUIDONI 61', 'FIRENZE', 'UFFICIO', '8', '560356161');
INSERT INTO public.chiavi (codice, descrizione, stato, ubicazione, cliente, indirizzo, citta, edificio, piano, mazzo) VALUES ('363875751', '08/I22-A TRIBUNALE GIP', 'VALIDO', 'BOX 48', 'Corte d''Appello', 'VIALE GUIDONI 61', 'FIRENZE', 'UFFICIO', '8', '560356161');
INSERT INTO public.chiavi (codice, descrizione, stato, ubicazione, cliente, indirizzo, citta, edificio, piano, mazzo) VALUES ('311726195', '08/I23-B TRIBUNALE SEGRETERIA', 'VALIDO', 'BOX 48', 'Corte d''Appello', 'VIALE GUIDONI 61', 'FIRENZE', 'UFFICIO', '8', '560356161');
INSERT INTO public.chiavi (codice, descrizione, stato, ubicazione, cliente, indirizzo, citta, edificio, piano, mazzo) VALUES ('350031261', '08/I23-A TRIBUNALE SEGRETERIA', 'VALIDO', 'BOX 48', 'Corte d''Appello', 'VIALE GUIDONI 61', 'FIRENZE', 'UFFICIO', '8', '560356161');
INSERT INTO public.chiavi (codice, descrizione, stato, ubicazione, cliente, indirizzo, citta, edificio, piano, mazzo) VALUES ('319212087', '08/I24 TRIBUNALE UFFICIO', 'VALIDO', 'BOX 48', 'Corte d''Appello', 'VIALE GUIDONI 61', 'FIRENZE', 'UFFICIO', '8', '560356161');
INSERT INTO public.chiavi (codice, descrizione, stato, ubicazione, cliente, indirizzo, citta, edificio, piano, mazzo) VALUES ('340144351', '08/I25 TRIBUNALE UFFICIO', 'VALIDO', 'BOX 48', 'Corte d''Appello', 'VIALE GUIDONI 61', 'FIRENZE', 'UFFICIO', '8', '560356161');
INSERT INTO public.chiavi (codice, descrizione, stato, ubicazione, cliente, indirizzo, citta, edificio, piano, mazzo) VALUES ('354420045', '08/IWC1 TRIBUNALE', 'VALIDO', 'BOX 48', 'Corte d''Appello', 'VIALE GUIDONI 61', 'FIRENZE', 'WC', '8', '560356161');
INSERT INTO public.chiavi (codice, descrizione, stato, ubicazione, cliente, indirizzo, citta, edificio, piano, mazzo) VALUES ('317969794', '08/IWC1-A TRIBUNALE', 'VALIDO', 'BOX 48', 'Corte d''Appello', 'VIALE GUIDONI 61', 'FIRENZE', 'WC', '8', '560356161');
INSERT INTO public.chiavi (codice, descrizione, stato, ubicazione, cliente, indirizzo, citta, edificio, piano, mazzo) VALUES ('320367934', '08/IWC1-B TRIBUNALE', 'VALIDO', 'BOX 48', 'Corte d''Appello', 'VIALE GUIDONI 61', 'FIRENZE', 'WC', '8', '560356161');
INSERT INTO public.chiavi (codice, descrizione, stato, ubicazione, cliente, indirizzo, citta, edificio, piano, mazzo) VALUES ('317672940', '08/IWC-2 TRIBUNALE', 'VALIDO', 'BOX 48', 'Corte d''Appello', 'VIALE GUIDONI 61', 'FIRENZE', 'WC', '8', '560356161');
INSERT INTO public.chiavi (codice, descrizione, stato, ubicazione, cliente, indirizzo, citta, edificio, piano, mazzo) VALUES ('338605349', '08/IWC2-A TRIBUNALE', 'VALIDO', 'BOX 48', 'Corte d''Appello', 'VIALE GUIDONI 61', 'FIRENZE', 'WC', '8', '560356161');
INSERT INTO public.chiavi (codice, descrizione, stato, ubicazione, cliente, indirizzo, citta, edificio, piano, mazzo) VALUES ('361805234', '08/IWC-3 TRIBUNALE', 'VALIDO', 'BOX 48', 'Corte d''Appello', 'VIALE GUIDONI 61', 'FIRENZE', 'WC', '8', '560356161');
INSERT INTO public.chiavi (codice, descrizione, stato, ubicazione, cliente, indirizzo, citta, edificio, piano, mazzo) VALUES ('344218195', '08/IWC4-A TRIBUNALE', 'VALIDO', 'BOX 48', 'Corte d''Appello', 'VIALE GUIDONI 61', 'FIRENZE', 'WC', '8', '560356161');
INSERT INTO public.chiavi (codice, descrizione, stato, ubicazione, cliente, indirizzo, citta, edificio, piano, mazzo) VALUES ('369765946', '08/L01 TRIBUNALE UFFICIO', 'VALIDO', 'BOX 48', 'Corte d''Appello', 'VIALE GUIDONI 61', 'FIRENZE', 'UFFICIO', '8', '556613946');
INSERT INTO public.chiavi (codice, descrizione, stato, ubicazione, cliente, indirizzo, citta, edificio, piano, mazzo) VALUES ('312539718', '08/L02 TRIBUNALE CANCELLERIA', 'VALIDO', 'BOX 48', 'Corte d''Appello', 'VIALE GUIDONI 61', 'FIRENZE', 'UFFICIO', '8', '556613946');
INSERT INTO public.chiavi (codice, descrizione, stato, ubicazione, cliente, indirizzo, citta, edificio, piano, mazzo) VALUES ('325600816', '08/L02-A TRIBUNALE CANCELLERIA', 'VALIDO', 'BOX 48', 'Corte d''Appello', 'VIALE GUIDONI 61', 'FIRENZE', 'UFFICIO', '8', '556613946');
INSERT INTO public.chiavi (codice, descrizione, stato, ubicazione, cliente, indirizzo, citta, edificio, piano, mazzo) VALUES ('392008121', '08/L03 TRIBUNALE CANCELLERIA', 'VALIDO', 'BOX 48', 'Corte d''Appello', 'VIALE GUIDONI 61', 'FIRENZE', 'UFFICIO', '8', '556613946');
INSERT INTO public.chiavi (codice, descrizione, stato, ubicazione, cliente, indirizzo, citta, edificio, piano, mazzo) VALUES ('321107927', '08/L03-A TRIBUNALE CANCELLERIA', 'VALIDO', 'BOX 48', 'Corte d''Appello', 'VIALE GUIDONI 61', 'FIRENZE', 'UFFICIO', '8', '556613946');
INSERT INTO public.chiavi (codice, descrizione, stato, ubicazione, cliente, indirizzo, citta, edificio, piano, mazzo) VALUES ('337386757', '08/L04 TRIBUNALE UFFICIO', 'VALIDO', 'BOX 48', 'Corte d''Appello', 'VIALE GUIDONI 61', 'FIRENZE', 'UFFICIO', '8', '556613946');
INSERT INTO public.chiavi (codice, descrizione, stato, ubicazione, cliente, indirizzo, citta, edificio, piano, mazzo) VALUES ('317287026', '08/L05 TRIBUNALE CANCELLERIA', 'VALIDO', 'BOX 48', 'Corte d''Appello', 'VIALE GUIDONI 61', 'FIRENZE', 'UFFICIO', '8', '556613946');
INSERT INTO public.chiavi (codice, descrizione, stato, ubicazione, cliente, indirizzo, citta, edificio, piano, mazzo) VALUES ('319460486', '08/L06 TRIBUNALE CANCELLERIA', 'VALIDO', 'BOX 48', 'Corte d''Appello', 'VIALE GUIDONI 61', 'FIRENZE', 'UFFICIO', '8', '556613946');
INSERT INTO public.chiavi (codice, descrizione, stato, ubicazione, cliente, indirizzo, citta, edificio, piano, mazzo) VALUES ('316361735', '08/L09 TRIBUNALE UFFICIO', 'VALIDO', 'BOX 48', 'Corte d''Appello', 'VIALE GUIDONI 61', 'FIRENZE', 'UFFICIO', '8', '556613946');
INSERT INTO public.chiavi (codice, descrizione, stato, ubicazione, cliente, indirizzo, citta, edificio, piano, mazzo) VALUES ('319559544', '08/L10 TRIBUNALE UFFICIO', 'VALIDO', 'BOX 48', 'Corte d''Appello', 'VIALE GUIDONI 61', 'FIRENZE', 'UFFICIO', '8', '556613946');
INSERT INTO public.chiavi (codice, descrizione, stato, ubicazione, cliente, indirizzo, citta, edificio, piano, mazzo) VALUES ('312445202', '08/LWC-1 TRIBUNALE', 'VALIDO', 'BOX 48', 'Corte d''Appello', 'VIALE GUIDONI 61', 'FIRENZE', 'WC', '8', '556613946');
INSERT INTO public.chiavi (codice, descrizione, stato, ubicazione, cliente, indirizzo, citta, edificio, piano, mazzo) VALUES ('312013264', '08/LWC TRIBUNALE', 'VALIDO', 'BOX 48', 'Corte d''Appello', 'VIALE GUIDONI 61', 'FIRENZE', 'WC', '8', '556613946');
INSERT INTO public.chiavi (codice, descrizione, stato, ubicazione, cliente, indirizzo, citta, edificio, piano, mazzo) VALUES ('396025540', '09/G01 TRIBUNALE RIUNIONI', 'VALIDO', 'BOX 49', 'Corte d''Appello', 'VIALE GUIDONI 61', 'FIRENZE', 'UFFICIO', '9', '591207051');
INSERT INTO public.chiavi (codice, descrizione, stato, ubicazione, cliente, indirizzo, citta, edificio, piano, mazzo) VALUES ('316825682', '09/G01-A TRIBUNALE RIUNIONI', 'VALIDO', 'BOX 49', 'Corte d''Appello', 'VIALE GUIDONI 61', 'FIRENZE', 'UFFICIO', '9', '591207051');
INSERT INTO public.chiavi (codice, descrizione, stato, ubicazione, cliente, indirizzo, citta, edificio, piano, mazzo) VALUES ('366474878', '09/G01-B TRIBUNALE RIUNIONI', 'VALIDO', 'BOX 49', 'Corte d''Appello', 'VIALE GUIDONI 61', 'FIRENZE', 'UFFICIO', '9', '591207051');
INSERT INTO public.chiavi (codice, descrizione, stato, ubicazione, cliente, indirizzo, citta, edificio, piano, mazzo) VALUES ('361096028', '09/G03 TRIBUNALE SEGRETERIA PRESIDENZA', 'VALIDO', 'BOX 49', 'Corte d''Appello', 'VIALE GUIDONI 61', 'FIRENZE', 'UFFICIO', '9', '591207051');
INSERT INTO public.chiavi (codice, descrizione, stato, ubicazione, cliente, indirizzo, citta, edificio, piano, mazzo) VALUES ('332150787', '09/G03-A TRIBUNALE SEGRETERIA PRESIDENZA', 'VALIDO', 'BOX 49', 'Corte d''Appello', 'VIALE GUIDONI 61', 'FIRENZE', 'UFFICIO', '9', '591207051');
INSERT INTO public.chiavi (codice, descrizione, stato, ubicazione, cliente, indirizzo, citta, edificio, piano, mazzo) VALUES ('376624172', '09/G04 TRIBUNALE UFFICIO', 'VALIDO', 'BOX 49', 'Corte d''Appello', 'VIALE GUIDONI 61', 'FIRENZE', 'UFFICIO', '9', '591207051');
INSERT INTO public.chiavi (codice, descrizione, stato, ubicazione, cliente, indirizzo, citta, edificio, piano, mazzo) VALUES ('310884143', '09/G05 TRIBUNALE PRESIDENTE', 'VALIDO', 'BOX 49', 'Corte d''Appello', 'VIALE GUIDONI 61', 'FIRENZE', 'UFFICIO', '9', '591207051');
INSERT INTO public.chiavi (codice, descrizione, stato, ubicazione, cliente, indirizzo, citta, edificio, piano, mazzo) VALUES ('386193443', '09/G05-A TRIBUNALE PRESIDENTE', 'VALIDO', 'BOX 49', 'Corte d''Appello', 'VIALE GUIDONI 61', 'FIRENZE', 'UFFICIO', '9', '591207051');
INSERT INTO public.chiavi (codice, descrizione, stato, ubicazione, cliente, indirizzo, citta, edificio, piano, mazzo) VALUES ('315078979', '09/G08-A TRIBUNALE SEGRETERIA', 'VALIDO', 'BOX 49', 'Corte d''Appello', 'VIALE GUIDONI 61', 'FIRENZE', 'UFFICIO', '9', '591207051');
INSERT INTO public.chiavi (codice, descrizione, stato, ubicazione, cliente, indirizzo, citta, edificio, piano, mazzo) VALUES ('392616539', '09/G08 TRIBUNALE SEGRETERIA', 'VALIDO', 'BOX 49', 'Corte d''Appello', 'VIALE GUIDONI 61', 'FIRENZE', 'UFFICIO', '9', '591207051');
INSERT INTO public.chiavi (codice, descrizione, stato, ubicazione, cliente, indirizzo, citta, edificio, piano, mazzo) VALUES ('312066970', '09/G09 TRIBUNALE ATTESA', 'VALIDO', 'BOX 49', 'Corte d''Appello', 'VILAE GUIDONI 61', 'FIRENZE', 'UFFICIO', '9', '591207051');

INSERT INTO public.provvisori VALUES ('220660924', 'ACCESSO TEMPORANEO', 'VALIDO', 'C-01', 'Corte d''Appello');
INSERT INTO public.provvisori VALUES ('218656547', 'ACCESSO TEMPORANEO', 'VALIDO', 'C-02', 'Corte d''Appello');
INSERT INTO public.provvisori VALUES ('221462745', 'ACCESSO TEMPORANEO', 'VALIDO', 'C-03', 'Corte d''Appello');
INSERT INTO public.provvisori VALUES ('212974161', 'ACCESSO TEMPORANEO', 'VALIDO', 'C-04', 'Corte d''Appello');
INSERT INTO public.provvisori VALUES ('275215069', 'ACCESSO TEMPORANEO', 'VALIDO', 'C-05', 'Corte d''Appello');
INSERT INTO public.provvisori VALUES ('242447430', 'ACCESSO TEMPORANEO', 'VALIDO', 'C-06', 'Corte d''Appello');
INSERT INTO public.provvisori VALUES ('216064422', 'ACCESSO TEMPORANEO', 'VALIDO', 'C-07', 'Corte d''Appello');
INSERT INTO public.provvisori VALUES ('215797327', 'ACCESSO TEMPORANEO', 'VALIDO', 'C-08', 'Corte d''Appello');
INSERT INTO public.provvisori VALUES ('217523367', 'ACCESSO TEMPORANEO', 'VALIDO', 'C-09', 'Corte d''Appello');
INSERT INTO public.provvisori VALUES ('274957200', 'ACCESSO TEMPORANEO', 'VALIDO', 'C-10', 'Corte d''Appello');
INSERT INTO public.provvisori VALUES ('298104561', 'ACCESSO TEMPORANEO', 'VALIDO', 'C-11', 'Corte d''Appello');
INSERT INTO public.provvisori VALUES ('221105947', 'ACCESSO TEMPORANEO', 'VALIDO', 'C-12', 'Corte d''Appello');
INSERT INTO public.provvisori VALUES ('220654909', 'ACCESSO TEMPORANEO', 'VALIDO', 'C-13', 'Corte d''Appello');
INSERT INTO public.provvisori VALUES ('240460532', 'ACCESSO TEMPORANEO', 'VALIDO', 'C-14', 'Corte d''Appello');
INSERT INTO public.provvisori VALUES ('261976237', 'ACCESSO TEMPORANEO', 'VALIDO', 'C-15', 'Corte d''Appello');
INSERT INTO public.provvisori VALUES ('296971386', 'ACCESSO TEMPORANEO', 'VALIDO', 'C-16', 'Corte d''Appello');
INSERT INTO public.provvisori VALUES ('218534922', 'ACCESSO TEMPORANEO', 'VALIDO', 'C-17', 'Corte d''Appello');
INSERT INTO public.provvisori VALUES ('218269497', 'ACCESSO TEMPORANEO', 'VALIDO', 'C-18', 'Corte d''Appello');
INSERT INTO public.provvisori VALUES ('289418510', 'ACCESSO TEMPORANEO', 'VALIDO', 'C-19', 'Corte d''Appello');
INSERT INTO public.provvisori VALUES ('210179461', 'ACCESSO TEMPORANEO', 'VALIDO', 'C-20', 'Corte d''Appello');
INSERT INTO public.provvisori VALUES ('243687327', 'ACCESSO TEMPORANEO', 'VALIDO', 'C-21', 'Corte d''Appello');
INSERT INTO public.provvisori VALUES ('215667636', 'ACCESSO TEMPORANEO', 'VALIDO', 'C-22', 'Corte d''Appello');
INSERT INTO public.provvisori VALUES ('226417769', 'ACCESSO TEMPORANEO', 'VALIDO', 'C-23', 'Corte d''Appello');
INSERT INTO public.provvisori VALUES ('213604809', 'ACCESSO TEMPORANEO', 'VALIDO', 'C-24', 'Corte d''Appello');
INSERT INTO public.provvisori VALUES ('211112032', 'ACCESSO TEMPORANEO', 'VALIDO', 'C-25', 'Corte d''Appello');
INSERT INTO public.provvisori VALUES ('212690230', 'ACCESSO TEMPORANEO', 'VALIDO', 'C-26', 'Corte d''Appello');
INSERT INTO public.provvisori VALUES ('295991476', 'ACCESSO TEMPORANEO', 'VALIDO', 'C-27', 'Corte d''Appello');
INSERT INTO public.provvisori VALUES ('218331844', 'ACCESSO TEMPORANEO', 'VALIDO', 'C-28', 'Corte d''Appello');
INSERT INTO public.provvisori VALUES ('245837129', 'ACCESSO TEMPORANEO', 'VALIDO', 'C-29', 'Corte d''Appello');
INSERT INTO public.provvisori VALUES ('211543169', 'ACCESSO TEMPORANEO', 'VALIDO', 'C-30', 'Corte d''Appello');
INSERT INTO public.provvisori VALUES ('245202957', 'ACCESSO TEMPORANEO', 'VALIDO', 'C-31', 'Corte d''Appello');
INSERT INTO public.provvisori VALUES ('214116507', 'ACCESSO TEMPORANEO', 'VALIDO', 'C-32', 'Corte d''Appello');
INSERT INTO public.provvisori VALUES ('215119304', 'ACCESSO TEMPORANEO', 'VALIDO', 'C-33', 'Corte d''Appello');
INSERT INTO public.provvisori VALUES ('228089842', 'ACCESSO TEMPORANEO', 'VALIDO', 'C-34', 'Corte d''Appello');
INSERT INTO public.provvisori VALUES ('216093986', 'ACCESSO TEMPORANEO', 'VALIDO', 'C-35', 'Corte d''Appello');
INSERT INTO public.provvisori VALUES ('299947764', 'ACCESSO TEMPORANEO', 'VALIDO', 'C-36', 'Corte d''Appello');
INSERT INTO public.provvisori VALUES ('213783343', 'ACCESSO TEMPORANEO', 'VALIDO', 'C-37', 'Corte d''Appello');
INSERT INTO public.provvisori VALUES ('211181117', 'ACCESSO TEMPORANEO', 'VALIDO', 'C-38', 'Corte d''Appello');
INSERT INTO public.provvisori VALUES ('285067690', 'ACCESSO TEMPORANEO', 'VALIDO', 'C-39', 'Corte d''Appello');
INSERT INTO public.provvisori VALUES ('224555021', 'ACCESSO TEMPORANEO', 'VALIDO', 'C-40', 'Corte d''Appello');
INSERT INTO public.provvisori VALUES ('214694613', 'ACCESSO TEMPORANEO', 'VALIDO', 'C-41', 'Corte d''Appello');
INSERT INTO public.provvisori VALUES ('215259528', 'ACCESSO TEMPORANEO', 'VALIDO', 'C-42', 'Corte d''Appello');
INSERT INTO public.provvisori VALUES ('292256957', 'ACCESSO TEMPORANEO', 'VALIDO', 'C-43', 'Corte d''Appello');
INSERT INTO public.provvisori VALUES ('256592226', 'ACCESSO TEMPORANEO', 'VALIDO', 'C-44', 'Corte d''Appello');
INSERT INTO public.provvisori VALUES ('217064503', 'ACCESSO TEMPORANEO', 'VALIDO', 'C-45', 'Corte d''Appello');
INSERT INTO public.provvisori VALUES ('213151045', 'ACCESSO TEMPORANEO', 'VALIDO', 'C-46', 'Corte d''Appello');
INSERT INTO public.provvisori VALUES ('216825142', 'ACCESSO TEMPORANEO', 'VALIDO', 'C-47', 'Corte d''Appello');
INSERT INTO public.provvisori VALUES ('242382544', 'ACCESSO TEMPORANEO', 'VALIDO', 'C-48', 'Corte d''Appello');
INSERT INTO public.provvisori VALUES ('293641722', 'ACCESSO TEMPORANEO', 'VALIDO', 'C-50', 'Corte d''Appello');
INSERT INTO public.provvisori VALUES ('260040770', 'ACCESSO TEMPORANEO', 'VALIDO', 'C-51', 'Corte d''Appello');
INSERT INTO public.provvisori VALUES ('215669838', 'ACCESSO TEMPORANEO', 'VALIDO', 'C-52', 'Corte d''Appello');
INSERT INTO public.provvisori VALUES ('270809493', 'ACCESSO TEMPORANEO', 'VALIDO', 'C-53', 'Corte d''Appello');
INSERT INTO public.provvisori VALUES ('216228737', 'ACCESSO TEMPORANEO', 'VALIDO', 'C-54', 'Corte d''Appello');
INSERT INTO public.provvisori VALUES ('221098514', 'ACCESSO TEMPORANEO', 'VALIDO', 'C-55', 'Corte d''Appello');

SELECT pg_catalog.setval('public.arch_ids', 1, false);
SELECT pg_catalog.setval('public.barcode_ids', 70, true);
SELECT pg_catalog.setval('public.postazioni_id_seq', 29, true);
SELECT pg_catalog.setval('public.protocolli_id_seq', 1, false);
SELECT pg_catalog.setval('public.users_id_seq', 14, true);