INSERT INTO public.clienti (name) VALUES ('Corte d''Appello');
INSERT INTO public.clienti (name) VALUES ('Montedomini');

INSERT INTO public.postazioni (id, cliente, name) VALUES (1, 'Corte d''Appello', 'Sala-controllo');
INSERT INTO public.postazioni (id, cliente, name) VALUES (2, 'Corte d''Appello', 'Tornelli-S.Donato');
INSERT INTO public.postazioni (id, cliente, name) VALUES (3, 'Corte d''Appello', 'Tornelli-Peretola');
INSERT INTO public.postazioni (id, cliente, name) VALUES (4, 'Corte d''Appello', 'Parcheggio-S.Donato');
INSERT INTO public.postazioni (id, cliente, name) VALUES (5, 'Corte d''Appello', 'Parcheggio-Peretola');
INSERT INTO public.postazioni (id, cliente, name) VALUES (6, 'Corte d''Appello', 'Parcheggio-3pini');
INSERT INTO public.postazioni (id, cliente, name) VALUES (7, 'Corte d''Appello', 'Aula-bunker');
INSERT INTO public.postazioni (id, cliente, name) VALUES (19, 'Montedomini', 'Desk');
INSERT INTO public.postazioni (id, cliente, name) VALUES (10, 'Corte d''Appello', 'Ufficio');
INSERT INTO public.postazioni (id, cliente, name) VALUES (22, 'Corte d''Appello', 'Jolly');
INSERT INTO public.postazioni (id, cliente, name) VALUES (24, 'Corte d''Appello', 'Casellario');
INSERT INTO public.postazioni (id, cliente, name) VALUES (27, 'Corte d''Appello', 'Aule');
INSERT INTO public.postazioni (id, cliente, name) VALUES (28, 'Corte d''Appello', 'Centralino');

INSERT INTO public.users (id, name, password, permessi, pages) VALUES (1, 'admin', '$2a$10$cLLMrZEMQCU44vy7Sqsb/uQJDo3vCXV/kUR5Zgm7CvaOQQw08Q6Yu', -1, -1);
INSERT INTO public.users (id, name, password, permessi, pages) VALUES (2, 'gta', '$2a$10$jeaqS/p1a4vUh9PTL/PdRepyJVZWqok7VsQK/HY4xI4SAco0ZktvG', 13, 1);
INSERT INTO public.users (id, name, password, permessi, pages) VALUES (3, 'GTA', '$2a$10$jeaqS/p1a4vUh9PTL/PdRepyJVZWqok7VsQK/HY4xI4SAco0ZktvG', 13, 1);
INSERT INTO public.users (id, name, password, permessi, pages) VALUES (4, 'Tornelli-SD', '$2a$10$Qz5m9H2lTeSLqGZAuP0p1ewfAjh.iMNF4XdSOpX5Rm2MrzBo.yKOi', 1, 1);
INSERT INTO public.users (id, name, password, permessi, pages) VALUES (5, 'Tornelli-CRF', '$2a$10$mVM.MBrFiO.f/dqNvcTqKOPhF82hRWcSKwqJkZhuLS/IdNx5HHn7.', 0, 1);
INSERT INTO public.users (id, name, password, permessi, pages) VALUES (6, 'Parcheggio-SD', '$2a$10$KszV3m2v9e0b21q1n.5pvu1.NmTyc5n1Ud5X1UbcdHJXLEVZAqGSa', 0, 1);
INSERT INTO public.users (id, name, password, permessi, pages) VALUES (7, 'Parcheggio-CRF', '$2a$10$lEBEMaOH7fn/.rnivkaCROR1SfKglXLAYU7gV5BCfHEoamNYkxQdi', 0, 1);
INSERT INTO public.users (id, name, password, permessi, pages) VALUES (8, 'Parcheggio-3P', '$2a$10$.T1Hem7K/9snpGU17PccUeu3iAj8vc.iuOd/au4IXW2.Ik1c.MXmK', 0, 1);
INSERT INTO public.users (id, name, password, permessi, pages) VALUES (12, 'Ufficio-V', '$2a$10$dkVqdnG2FTkENOhwRMo1XOJYbZkjKRSXxvU/gC/bqvK9fw8tOmrZe', 6, 9);
INSERT INTO public.users (id, name, password, permessi, pages) VALUES (13, 'Sala-controllo', '$2a$10$2GxaNgWCYVOwjdiIBrph2.jHSYVOH45aFv99Pp6URJvGc7isJYT8q', 0, 1);
INSERT INTO public.users (id, name, password, permessi, pages) VALUES (14, 'Aula-bunker', '$2a$10$cLLMrZEMQCU44vy7Sqsb/uQJDo3vCXV/kUR5Zgm7CvaOQQw08Q6Yu', 0, 1);

INSERT INTO public.postazioni_user (usr_id, post_id) VALUES (2, 1);
INSERT INTO public.postazioni_user (usr_id, post_id) VALUES (2, 2);
INSERT INTO public.postazioni_user (usr_id, post_id) VALUES (3, 1);
INSERT INTO public.postazioni_user (usr_id, post_id) VALUES (3, 2);
INSERT INTO public.postazioni_user (usr_id, post_id) VALUES (3, 5);
INSERT INTO public.postazioni_user (usr_id, post_id) VALUES (4, 2);
INSERT INTO public.postazioni_user (usr_id, post_id) VALUES (5, 3);
INSERT INTO public.postazioni_user (usr_id, post_id) VALUES (6, 4);
INSERT INTO public.postazioni_user (usr_id, post_id) VALUES (7, 5);
INSERT INTO public.postazioni_user (usr_id, post_id) VALUES (8, 6);
INSERT INTO public.postazioni_user (usr_id, post_id) VALUES (12, 1);
INSERT INTO public.postazioni_user (usr_id, post_id) VALUES (12, 2);
INSERT INTO public.postazioni_user (usr_id, post_id) VALUES (12, 3);
INSERT INTO public.postazioni_user (usr_id, post_id) VALUES (12, 4);
INSERT INTO public.postazioni_user (usr_id, post_id) VALUES (12, 5);
INSERT INTO public.postazioni_user (usr_id, post_id) VALUES (12, 6);
INSERT INTO public.postazioni_user (usr_id, post_id) VALUES (12, 7);
INSERT INTO public.postazioni_user (usr_id, post_id) VALUES (12, 10);
INSERT INTO public.postazioni_user (usr_id, post_id) VALUES (13, 1);
INSERT INTO public.postazioni_user (usr_id, post_id) VALUES (4, 22);
INSERT INTO public.postazioni_user (usr_id, post_id) VALUES (4, 24);
INSERT INTO public.postazioni_user (usr_id, post_id) VALUES (4, 27);
INSERT INTO public.postazioni_user (usr_id, post_id) VALUES (5, 28);
INSERT INTO public.postazioni_user (usr_id, post_id) VALUES (14, 7);

INSERT INTO public.nominativi (codice, descrizione, stato, assegnazione, cliente, scadenza, nome, cognome, ditta, telefono, ndoc, tdoc, zuc_cod) VALUES (DEFAULT, 'BADGE MARCATEMPO', 'VALIDO', 'PORTINERIA', 'Corte d''Appello', NULL, 'PATRIZIO', 'PESCE', 'OPEROSA', NULL, NULL, NULL, '000001');
INSERT INTO public.nominativi (codice, descrizione, stato, assegnazione, cliente, scadenza, nome, cognome, ditta, telefono, ndoc, tdoc, zuc_cod) VALUES (DEFAULT, 'BADGE MARCATEMPO', 'VALIDO', 'PORTINERIA', 'Corte d''Appello', NULL, 'ANDREA', 'PUCCI', 'OPEROSA', NULL, NULL, NULL, '000002');
INSERT INTO public.nominativi (codice, descrizione, stato, assegnazione, cliente, scadenza, nome, cognome, ditta, telefono, ndoc, tdoc, zuc_cod) VALUES (DEFAULT, 'BADGE MARCATEMPO', 'VALIDO', 'PORTINERIA', 'Corte d''Appello', NULL, 'NICULINA', 'BUHUCEANU', 'OPEROSA', NULL, NULL, NULL, '000003');
INSERT INTO public.nominativi (codice, descrizione, stato, assegnazione, cliente, scadenza, nome, cognome, ditta, telefono, ndoc, tdoc, zuc_cod) VALUES (DEFAULT, 'BADGE MARCATEMPO', 'VALIDO', 'PORTINERIA', 'Corte d''Appello', NULL, 'ANTONIO', 'SAPORITO', 'OPEROSA', NULL, NULL, NULL, '000004');
INSERT INTO public.nominativi (codice, descrizione, stato, assegnazione, cliente, scadenza, nome, cognome, ditta, telefono, ndoc, tdoc, zuc_cod) VALUES (DEFAULT, 'BADGE MARCATEMPO', 'VALIDO', 'PORTINERIA', 'Corte d''Appello', NULL, 'LEANDRO', 'GHELARDONI', 'OPEROSA', NULL, NULL, NULL, '000005');
INSERT INTO public.nominativi (codice, descrizione, stato, assegnazione, cliente, scadenza, nome, cognome, ditta, telefono, ndoc, tdoc, zuc_cod) VALUES (DEFAULT, 'BADGE MARCATEMPO', 'VALIDO', 'PORTINERIA', 'Corte d''Appello', NULL, 'ANTONIO', 'BASTA', 'OPEROSA', NULL, NULL, NULL, '000006');
INSERT INTO public.nominativi (codice, descrizione, stato, assegnazione, cliente, scadenza, nome, cognome, ditta, telefono, ndoc, tdoc, zuc_cod) VALUES (DEFAULT, 'BADGE MARCATEMPO', 'VALIDO', 'PORTINERIA', 'Corte d''Appello', NULL, 'LETIZIA', 'ALBANESE', 'OPEROSA', NULL, NULL, NULL, '000007');
INSERT INTO public.nominativi (codice, descrizione, stato, assegnazione, cliente, scadenza, nome, cognome, ditta, telefono, ndoc, tdoc, zuc_cod) VALUES (DEFAULT, 'BADGE MARCATEMPO', 'VALIDO', 'PORTINERIA', 'Corte d''Appello', NULL, 'MATTEO', 'DAL CORTIVO', 'OPEROSA', NULL, NULL, NULL, '000008');
INSERT INTO public.nominativi (codice, descrizione, stato, assegnazione, cliente, scadenza, nome, cognome, ditta, telefono, ndoc, tdoc, zuc_cod) VALUES (DEFAULT, 'BADGE MARCATEMPO', 'VALIDO', 'PORTINERIA', 'Corte d''Appello', NULL, 'CONCETTA', 'GAZANEO', 'OPEROSA', NULL, NULL, NULL, '000009');
INSERT INTO public.nominativi (codice, descrizione, stato, assegnazione, cliente, scadenza, nome, cognome, ditta, telefono, ndoc, tdoc, zuc_cod) VALUES (DEFAULT, 'BADGE MARCATEMPO', 'VALIDO', 'PORTINERIA', 'Corte d''Appello', NULL, 'ANDREA', 'MECHI', 'OPEROSA', NULL, NULL, NULL, '000011');
INSERT INTO public.nominativi (codice, descrizione, stato, assegnazione, cliente, scadenza, nome, cognome, ditta, telefono, ndoc, tdoc, zuc_cod) VALUES (DEFAULT, 'BADGE MARCATEMPO', 'VALIDO', 'PORTINERIA', 'Corte d''Appello', NULL, 'EMILJANA', 'RROKAJ', 'OPEROSA', NULL, NULL, NULL, '000021');
INSERT INTO public.nominativi (codice, descrizione, stato, assegnazione, cliente, scadenza, nome, cognome, ditta, telefono, ndoc, tdoc, zuc_cod) VALUES (DEFAULT, 'BADGE MARCATEMPO', 'VALIDO', 'PORTINERIA', 'Corte d''Appello', NULL, 'MANUEL', 'SCIONI', 'OPEROSA', NULL, NULL, NULL, '000031');
INSERT INTO public.nominativi (codice, descrizione, stato, assegnazione, cliente, scadenza, nome, cognome, ditta, telefono, ndoc, tdoc, zuc_cod) VALUES (DEFAULT, 'BADGE MARCATEMPO', 'VALIDO', 'PORTINERIA', 'Corte d''Appello', NULL, 'GABRIELE', 'SARTI', 'OPEROSA', NULL, NULL, NULL, '000041');
INSERT INTO public.nominativi (codice, descrizione, stato, assegnazione, cliente, scadenza, nome, cognome, ditta, telefono, ndoc, tdoc, zuc_cod) VALUES (DEFAULT, 'BADGE MARCATEMPO', 'VALIDO', 'PORTINERIA', 'Corte d''Appello', NULL, 'ALESSANDRO', 'PESCIOTTI', 'VIVENDA', NULL, NULL, NULL, '000051');
INSERT INTO public.nominativi (codice, descrizione, stato, assegnazione, cliente, scadenza, nome, cognome, ditta, telefono, ndoc, tdoc, zuc_cod) VALUES (DEFAULT, 'BADGE MARCATEMPO', 'VALIDO', 'PORTINERIA', 'Corte d''Appello', NULL, 'ANGELO', 'MARTONE', 'VIVENDA', NULL, NULL, NULL, '000061');
INSERT INTO public.nominativi (codice, descrizione, stato, assegnazione, cliente, scadenza, nome, cognome, ditta, telefono, ndoc, tdoc, zuc_cod) VALUES (DEFAULT, 'BADGE MARCATEMPO', 'VALIDO', 'PORTINERIA', 'Corte d''Appello', NULL, 'ALESSANDRO', 'PANDOLFI', 'VIVENDA', NULL, NULL, NULL, '000071');
INSERT INTO public.nominativi (codice, descrizione, stato, assegnazione, cliente, scadenza, nome, cognome, ditta, telefono, ndoc, tdoc, zuc_cod) VALUES (DEFAULT, 'BADGE MARCATEMPO', 'VALIDO', 'PORTINERIA', 'Corte d''Appello', NULL, 'DANIELE', 'GANGUZZA', 'VIVENDA', NULL, NULL, NULL, '000081');
INSERT INTO public.nominativi (codice, descrizione, stato, assegnazione, cliente, scadenza, nome, cognome, ditta, telefono, ndoc, tdoc, zuc_cod) VALUES (DEFAULT, 'BADGE MARCATEMPO', 'VALIDO', 'PORTINERIA', 'Corte d''Appello', NULL, 'RAISSA', 'CILIBERTI', 'VIVENDA', NULL, NULL, NULL, '000091');
INSERT INTO public.nominativi (codice, descrizione, stato, assegnazione, cliente, scadenza, nome, cognome, ditta, telefono, ndoc, tdoc, zuc_cod) VALUES (DEFAULT, 'BADGE MARCATEMPO', 'VALIDO', 'PORTINERIA', 'Corte d''Appello', NULL, 'EMANUELE', 'MASI', 'VIVENDA', NULL, NULL, NULL, '000101');
INSERT INTO public.nominativi (codice, descrizione, stato, assegnazione, cliente, scadenza, nome, cognome, ditta, telefono, ndoc, tdoc, zuc_cod) VALUES (DEFAULT, 'BADGE MARCATEMPO', 'VALIDO', 'PORTINERIA', 'Corte d''Appello', NULL, 'GIUSEPPE', 'TABASCO', 'VIVENDA', NULL, NULL, NULL, '000201');
INSERT INTO public.nominativi (codice, descrizione, stato, assegnazione, cliente, scadenza, nome, cognome, ditta, telefono, ndoc, tdoc, zuc_cod) VALUES (DEFAULT, 'BADGE MARCATEMPO', 'VALIDO', 'PORTINERIA', 'Corte d''Appello', NULL, 'CLAUDIA', 'TARDUCCI', 'OPEROSA', NULL, NULL, NULL, '000301');
INSERT INTO public.nominativi (codice, descrizione, stato, assegnazione, cliente, scadenza, nome, cognome, ditta, telefono, ndoc, tdoc, zuc_cod) VALUES (DEFAULT, 'BADGE MARCATEMPO', 'VALIDO', 'PORTINERIA', 'Corte d''Appello', NULL, 'ALDO', 'TRONCONI', 'OPEROSA', NULL, NULL, NULL, '000401');
INSERT INTO public.nominativi (codice, descrizione, stato, assegnazione, cliente, scadenza, nome, cognome, ditta, telefono, ndoc, tdoc, zuc_cod) VALUES (DEFAULT, 'BADGE MARCATEMPO', 'VALIDO', 'PORTINERIA', 'Corte d''Appello', NULL, 'ALESSIO', 'SILVESTRI', 'VIVENDA', NULL, NULL, NULL, '000501');
INSERT INTO public.nominativi (codice, descrizione, stato, assegnazione, cliente, scadenza, nome, cognome, ditta, telefono, ndoc, tdoc, zuc_cod) VALUES (DEFAULT, 'BADGE MARCATEMPO', 'VALIDO', 'PORTINERIA', 'Corte d''Appello', NULL, 'SAURO', 'INNOCENTI', 'VIVENDA', NULL, NULL, NULL, '000601');
INSERT INTO public.nominativi (codice, descrizione, stato, assegnazione, cliente, scadenza, nome, cognome, ditta, telefono, ndoc, tdoc, zuc_cod) VALUES (DEFAULT, 'BADGE MARCATEMPO', 'VALIDO', 'PORTINERIA', 'Corte d''Appello', NULL, 'ALESSIO', 'IANNOTTA', 'VIVENDA', NULL, NULL, NULL, '000701');
INSERT INTO public.nominativi (codice, descrizione, stato, assegnazione, cliente, scadenza, nome, cognome, ditta, telefono, ndoc, tdoc, zuc_cod) VALUES (DEFAULT, 'BADGE MARCATEMPO', 'VALIDO', 'PORTINERIA', 'Corte d''Appello', NULL, 'ALESSIO', 'BENUCCI', 'OPEROSA', NULL, NULL, NULL, '000801');
INSERT INTO public.nominativi (codice, descrizione, stato, assegnazione, cliente, scadenza, nome, cognome, ditta, telefono, ndoc, tdoc, zuc_cod) VALUES (DEFAULT, 'BADGE MARCATEMPO', 'VALIDO', 'PORTINERIA', 'Corte d''Appello', NULL, 'MARLENY', 'EGAS', 'VIVENDA', NULL, NULL, NULL, '000901');
INSERT INTO public.nominativi (codice, descrizione, stato, assegnazione, cliente, scadenza, nome, cognome, ditta, telefono, ndoc, tdoc, zuc_cod) VALUES (DEFAULT, 'BADGE MARCATEMPO', 'VALIDO', 'PORTINERIA', 'Corte d''Appello', NULL, 'GIUSEPPE', 'GRECO', 'VIVENDA', NULL, NULL, NULL, '010001');
INSERT INTO public.nominativi (codice, descrizione, stato, assegnazione, cliente, scadenza, nome, cognome, ditta, telefono, ndoc, tdoc, zuc_cod) VALUES (DEFAULT, 'BADGE MARCATEMPO', 'VALIDO', 'PORTINERIA', 'Corte d''Appello', NULL, 'ANGELO', 'IACOPINI', 'VIVENDA', NULL, NULL, NULL, '020001');
INSERT INTO public.nominativi (codice, descrizione, stato, assegnazione, cliente, scadenza, nome, cognome, ditta, telefono, ndoc, tdoc, zuc_cod) VALUES (DEFAULT, 'BADGE MARCATEMPO', 'VALIDO', 'PORTINERIA', 'Corte d''Appello', NULL, 'ARMANDO', 'DI RUOCCO', 'VIVENDA', NULL, NULL, NULL, '030001');
INSERT INTO public.nominativi (codice, descrizione, stato, assegnazione, cliente, scadenza, nome, cognome, ditta, telefono, ndoc, tdoc, zuc_cod) VALUES (DEFAULT, 'BADGE MARCATEMPO', 'VALIDO', 'PULIZIE', 'Corte d''Appello', NULL, 'RAMONA', 'BROSO', 'VIVENDA', NULL, NULL, NULL, '040001');
INSERT INTO public.nominativi (codice, descrizione, stato, assegnazione, cliente, scadenza, nome, cognome, ditta, telefono, ndoc, tdoc, zuc_cod) VALUES (DEFAULT, 'BADGE MARCATEMPO', 'VALIDO', 'PORTINERIA', 'Corte d''Appello', NULL, 'STEFANO', 'CANINO', 'HUMANGEST', NULL, NULL, NULL, '050001');
INSERT INTO public.nominativi (codice, descrizione, stato, assegnazione, cliente, scadenza, nome, cognome, ditta, telefono, ndoc, tdoc, zuc_cod) VALUES (DEFAULT, 'BADGE MARCATEMPO', 'VALIDO', 'PORTINERIA', 'Corte d''Appello', NULL, 'SARA', 'GREMENTIERI', 'HUMANGEST', NULL, NULL, NULL, '060001');
INSERT INTO public.nominativi (codice, descrizione, stato, assegnazione, cliente, scadenza, nome, cognome, ditta, telefono, ndoc, tdoc, zuc_cod) VALUES (DEFAULT, 'BADGE MARCATEMPO', 'VALIDO', 'PORTINERIA', 'Corte d''Appello', NULL, 'DARIA', 'MACALUSO', 'VIVENDA', NULL, NULL, NULL, '070001');
INSERT INTO public.nominativi (codice, descrizione, stato, assegnazione, cliente, scadenza, nome, cognome, ditta, telefono, ndoc, tdoc, zuc_cod) VALUES (DEFAULT, 'BADGE MARCATEMPO', 'VALIDO', 'PORTINERIA', 'Corte d''Appello', NULL, 'ERIKA', 'GIANFELICI', 'VIVENDA', NULL, NULL, NULL, '080001');