INSERT INTO public.clienti (name) VALUES ('Corte d''Appello');
INSERT INTO public.clienti (name) VALUES ('Montedomini');

INSERT INTO public.postazioni (id, cliente, name) VALUES (1, 'Corte d''Appello', 'Sala-controllo');
INSERT INTO public.postazioni (id, cliente, name) VALUES (2, 'Corte d''Appello', 'Tornelli-S.Donato');
INSERT INTO public.postazioni (id, cliente, name) VALUES (3, 'Corte d''Appello', 'Tornelli-Peretola');
INSERT INTO public.postazioni (id, cliente, name) VALUES (4, 'Corte d''Appello', 'Parcheggio-S.Donato');
INSERT INTO public.postazioni (id, cliente, name) VALUES (5, 'Corte d''Appello', 'Parcheggio-Peretola');
INSERT INTO public.postazioni (id, cliente, name) VALUES (6, 'Corte d''Appello', 'Parcheggio-3pini');
INSERT INTO public.postazioni (id, cliente, name) VALUES (7, 'Corte d''Appello', 'Aula-bunker');
INSERT INTO public.postazioni (id, cliente, name) VALUES (8, 'Montedomini', 'Desk');
INSERT INTO public.postazioni (id, cliente, name) VALUES (9, 'Corte d''Appello', 'Ufficio');
INSERT INTO public.postazioni (id, cliente, name) VALUES (10, 'Corte d''Appello', 'Jolly');
INSERT INTO public.postazioni (id, cliente, name) VALUES (11, 'Corte d''Appello', 'Casellario');
INSERT INTO public.postazioni (id, cliente, name) VALUES (12, 'Corte d''Appello', 'Aule');
INSERT INTO public.postazioni (id, cliente, name) VALUES (13, 'Corte d''Appello', 'Centralino');

INSERT INTO public.users (id, name, password, permessi, pages) VALUES (1, 'admin', '$2a$10$cLLMrZEMQCU44vy7Sqsb/uQJDo3vCXV/kUR5Zgm7CvaOQQw08Q6Yu', -1, -1);
INSERT INTO public.users (id, name, password, permessi, pages) VALUES (2, 'gta', '$2a$10$jeaqS/p1a4vUh9PTL/PdRepyJVZWqok7VsQK/HY4xI4SAco0ZktvG', 13, 1);
INSERT INTO public.users (id, name, password, permessi, pages) VALUES (3, 'GTA', '$2a$10$jeaqS/p1a4vUh9PTL/PdRepyJVZWqok7VsQK/HY4xI4SAco0ZktvG', 13, 1);
INSERT INTO public.users (id, name, password, permessi, pages) VALUES (4, 'Tornelli-SD', '$2a$10$Qz5m9H2lTeSLqGZAuP0p1ewfAjh.iMNF4XdSOpX5Rm2MrzBo.yKOi', 1, 1);
INSERT INTO public.users (id, name, password, permessi, pages) VALUES (5, 'Tornelli-CRF', '$2a$10$mVM.MBrFiO.f/dqNvcTqKOPhF82hRWcSKwqJkZhuLS/IdNx5HHn7.', 0, 1);
INSERT INTO public.users (id, name, password, permessi, pages) VALUES (6, 'Parcheggio-SD', '$2a$10$KszV3m2v9e0b21q1n.5pvu1.NmTyc5n1Ud5X1UbcdHJXLEVZAqGSa', 0, 1);
INSERT INTO public.users (id, name, password, permessi, pages) VALUES (7, 'Parcheggio-CRF', '$2a$10$lEBEMaOH7fn/.rnivkaCROR1SfKglXLAYU7gV5BCfHEoamNYkxQdi', 0, 1);
INSERT INTO public.users (id, name, password, permessi, pages) VALUES (8, 'Parcheggio-3P', '$2a$10$.T1Hem7K/9snpGU17PccUeu3iAj8vc.iuOd/au4IXW2.Ik1c.MXmK', 0, 1);
INSERT INTO public.users (id, name, password, permessi, pages) VALUES (9, 'Ufficio-V', '$2a$10$dkVqdnG2FTkENOhwRMo1XOJYbZkjKRSXxvU/gC/bqvK9fw8tOmrZe', 6, 9);
INSERT INTO public.users (id, name, password, permessi, pages) VALUES (10, 'Sala-controllo', '$2a$10$2GxaNgWCYVOwjdiIBrph2.jHSYVOH45aFv99Pp6URJvGc7isJYT8q', 0, 1);

INSERT INTO public.postazioni_user (usr_id, post_id) VALUES (2, 1);
INSERT INTO public.postazioni_user (usr_id, post_id) VALUES (2, 2);
INSERT INTO public.postazioni_user (usr_id, post_id) VALUES (3, 1);
INSERT INTO public.postazioni_user (usr_id, post_id) VALUES (3, 2);
INSERT INTO public.postazioni_user (usr_id, post_id) VALUES (3, 5);
INSERT INTO public.postazioni_user (usr_id, post_id) VALUES (4, 2);
INSERT INTO public.postazioni_user (usr_id, post_id) VALUES (5, 3);
INSERT INTO public.postazioni_user (usr_id, post_id) VALUES (6, 4);
INSERT INTO public.postazioni_user (usr_id, post_id) VALUES (7, 5);
INSERT INTO public.postazioni_user (usr_id, post_id) VALUES (8, 6);
INSERT INTO public.postazioni_user (usr_id, post_id) VALUES (9, 1);
INSERT INTO public.postazioni_user (usr_id, post_id) VALUES (9, 2);
INSERT INTO public.postazioni_user (usr_id, post_id) VALUES (9, 3);
INSERT INTO public.postazioni_user (usr_id, post_id) VALUES (9, 4);
INSERT INTO public.postazioni_user (usr_id, post_id) VALUES (9, 5);
INSERT INTO public.postazioni_user (usr_id, post_id) VALUES (9, 6);
INSERT INTO public.postazioni_user (usr_id, post_id) VALUES (9, 7);
INSERT INTO public.postazioni_user (usr_id, post_id) VALUES (9, 9);
INSERT INTO public.postazioni_user (usr_id, post_id) VALUES (10, 1);
INSERT INTO public.postazioni_user (usr_id, post_id) VALUES (4, 10);
INSERT INTO public.postazioni_user (usr_id, post_id) VALUES (4, 11);
INSERT INTO public.postazioni_user (usr_id, post_id) VALUES (4, 12);
INSERT INTO public.postazioni_user (usr_id, post_id) VALUES (5, 13);

INSERT INTO public.nominativi (codice, descrizione, stato, assegnazione, cliente, scadenza, nome, cognome, ditta, telefono, ndoc, tdoc, alt_cod) VALUES (DEFAULT, 'BADGE MARCATEMPO', 'VALIDO', 'PORTINERIA', 'Corte d''Appello', NULL, 'PATRIZIO', 'PESCE', 'OPEROSA', NULL, NULL, NULL, 000001);
INSERT INTO public.nominativi (codice, descrizione, stato, assegnazione, cliente, scadenza, nome, cognome, ditta, telefono, ndoc, tdoc, alt_cod) VALUES (DEFAULT, 'BADGE MARCATEMPO', 'VALIDO', 'PORTINERIA', 'Corte d''Appello', NULL, 'ANDREA', 'PUCCI', 'OPEROSA', NULL, NULL, NULL, 000002);
INSERT INTO public.nominativi (codice, descrizione, stato, assegnazione, cliente, scadenza, nome, cognome, ditta, telefono, ndoc, tdoc, alt_cod) VALUES (DEFAULT, 'BADGE MARCATEMPO', 'VALIDO', 'PORTINERIA', 'Corte d''Appello', NULL, 'NICULINA', 'BUHUCEANU', 'OPEROSA', NULL, NULL, NULL, 000003);
INSERT INTO public.nominativi (codice, descrizione, stato, assegnazione, cliente, scadenza, nome, cognome, ditta, telefono, ndoc, tdoc, alt_cod) VALUES (DEFAULT, 'BADGE MARCATEMPO', 'VALIDO', 'PORTINERIA', 'Corte d''Appello', NULL, 'ANTONIO', 'SAPORITO', 'OPEROSA', NULL, NULL, NULL, 000004);
INSERT INTO public.nominativi (codice, descrizione, stato, assegnazione, cliente, scadenza, nome, cognome, ditta, telefono, ndoc, tdoc, alt_cod) VALUES (DEFAULT, 'BADGE MARCATEMPO', 'VALIDO', 'PORTINERIA', 'Corte d''Appello', NULL, 'LEANDRO', 'GHELARDONI', 'OPEROSA', NULL, NULL, NULL, 000005);
INSERT INTO public.nominativi (codice, descrizione, stato, assegnazione, cliente, scadenza, nome, cognome, ditta, telefono, ndoc, tdoc, alt_cod) VALUES (DEFAULT, 'BADGE MARCATEMPO', 'VALIDO', 'PORTINERIA', 'Corte d''Appello', NULL, 'ANTONIO', 'BASTA', 'OPEROSA', NULL, NULL, NULL, 000006);
INSERT INTO public.nominativi (codice, descrizione, stato, assegnazione, cliente, scadenza, nome, cognome, ditta, telefono, ndoc, tdoc, alt_cod) VALUES (DEFAULT, 'BADGE MARCATEMPO', 'VALIDO', 'PORTINERIA', 'Corte d''Appello', NULL, 'LETIZIA', 'ALBANESE', 'OPEROSA', NULL, NULL, NULL, 000007);
INSERT INTO public.nominativi (codice, descrizione, stato, assegnazione, cliente, scadenza, nome, cognome, ditta, telefono, ndoc, tdoc, alt_cod) VALUES (DEFAULT, 'BADGE MARCATEMPO', 'VALIDO', 'PORTINERIA', 'Corte d''Appello', NULL, 'MATTEO', 'DAL CORTIVO', 'OPEROSA', NULL, NULL, NULL, 000008);
INSERT INTO public.nominativi (codice, descrizione, stato, assegnazione, cliente, scadenza, nome, cognome, ditta, telefono, ndoc, tdoc, alt_cod) VALUES (DEFAULT, 'BADGE MARCATEMPO', 'VALIDO', 'PORTINERIA', 'Corte d''Appello', NULL, 'CONCETTA', 'GAZANEO', 'OPEROSA', NULL, NULL, NULL, 000009);
INSERT INTO public.nominativi (codice, descrizione, stato, assegnazione, cliente, scadenza, nome, cognome, ditta, telefono, ndoc, tdoc, alt_cod) VALUES (DEFAULT, 'BADGE MARCATEMPO', 'VALIDO', 'PORTINERIA', 'Corte d''Appello', NULL, 'ANDREA', 'MECHI', 'OPEROSA', NULL, NULL, NULL, 000010);
INSERT INTO public.nominativi (codice, descrizione, stato, assegnazione, cliente, scadenza, nome, cognome, ditta, telefono, ndoc, tdoc, alt_cod) VALUES (DEFAULT, 'BADGE MARCATEMPO', 'VALIDO', 'PORTINERIA', 'Corte d''Appello', NULL, 'EMILJANA', 'RROKAJ', 'OPEROSA', NULL, NULL, NULL, 000011);
INSERT INTO public.nominativi (codice, descrizione, stato, assegnazione, cliente, scadenza, nome, cognome, ditta, telefono, ndoc, tdoc, alt_cod) VALUES (DEFAULT, 'BADGE MARCATEMPO', 'VALIDO', 'PORTINERIA', 'Corte d''Appello', NULL, 'MANUEL', 'SCIONI', 'OPEROSA', NULL, NULL, NULL, 000012);
INSERT INTO public.nominativi (codice, descrizione, stato, assegnazione, cliente, scadenza, nome, cognome, ditta, telefono, ndoc, tdoc, alt_cod) VALUES (DEFAULT, 'BADGE MARCATEMPO', 'VALIDO', 'PORTINERIA', 'Corte d''Appello', NULL, 'GABRIELE', 'SARTI', 'OPEROSA', NULL, NULL, NULL, 000013);
INSERT INTO public.nominativi (codice, descrizione, stato, assegnazione, cliente, scadenza, nome, cognome, ditta, telefono, ndoc, tdoc, alt_cod) VALUES (DEFAULT, 'BADGE MARCATEMPO', 'VALIDO', 'PORTINERIA', 'Corte d''Appello', NULL, 'ALESSANDRO', 'PESCIOTTI', 'VIVENDA', NULL, NULL, NULL, 000014);
INSERT INTO public.nominativi (codice, descrizione, stato, assegnazione, cliente, scadenza, nome, cognome, ditta, telefono, ndoc, tdoc, alt_cod) VALUES (DEFAULT, 'BADGE MARCATEMPO', 'VALIDO', 'PORTINERIA', 'Corte d''Appello', NULL, 'ANGELO', 'MARTONE', 'VIVENDA', NULL, NULL, NULL, 000015);
INSERT INTO public.nominativi (codice, descrizione, stato, assegnazione, cliente, scadenza, nome, cognome, ditta, telefono, ndoc, tdoc, alt_cod) VALUES (DEFAULT, 'BADGE MARCATEMPO', 'VALIDO', 'PORTINERIA', 'Corte d''Appello', NULL, 'ALESSANDRO', 'PANDOLFI', 'VIVENDA', NULL, NULL, NULL, 000016);
INSERT INTO public.nominativi (codice, descrizione, stato, assegnazione, cliente, scadenza, nome, cognome, ditta, telefono, ndoc, tdoc, alt_cod) VALUES (DEFAULT, 'BADGE MARCATEMPO', 'VALIDO', 'PORTINERIA', 'Corte d''Appello', NULL, 'DANIELE', 'GANGUZZA', 'VIVENDA', NULL, NULL, NULL, 000017);
INSERT INTO public.nominativi (codice, descrizione, stato, assegnazione, cliente, scadenza, nome, cognome, ditta, telefono, ndoc, tdoc, alt_cod) VALUES (DEFAULT, 'BADGE MARCATEMPO', 'VALIDO', 'PORTINERIA', 'Corte d''Appello', NULL, 'RAISSA', 'CILIBERTI', 'VIVENDA', NULL, NULL, NULL, 000018);
INSERT INTO public.nominativi (codice, descrizione, stato, assegnazione, cliente, scadenza, nome, cognome, ditta, telefono, ndoc, tdoc, alt_cod) VALUES (DEFAULT, 'BADGE MARCATEMPO', 'VALIDO', 'PORTINERIA', 'Corte d''Appello', NULL, 'EMANUELE', 'MASI', 'VIVENDA', NULL, NULL, NULL, 000019);
INSERT INTO public.nominativi (codice, descrizione, stato, assegnazione, cliente, scadenza, nome, cognome, ditta, telefono, ndoc, tdoc, alt_cod) VALUES (DEFAULT, 'BADGE MARCATEMPO', 'VALIDO', 'PORTINERIA', 'Corte d''Appello', NULL, 'GIUSEPPE', 'TABASCO', 'VIVENDA', NULL, NULL, NULL, 000020);
INSERT INTO public.nominativi (codice, descrizione, stato, assegnazione, cliente, scadenza, nome, cognome, ditta, telefono, ndoc, tdoc, alt_cod) VALUES (DEFAULT, 'BADGE MARCATEMPO', 'VALIDO', 'PORTINERIA', 'Corte d''Appello', NULL, 'DARIA', 'MACALUSO', 'HUMANGEST', NULL, NULL, NULL, 000021);
INSERT INTO public.nominativi (codice, descrizione, stato, assegnazione, cliente, scadenza, nome, cognome, ditta, telefono, ndoc, tdoc, alt_cod) VALUES (DEFAULT, 'BADGE MARCATEMPO', 'VALIDO', 'PORTINERIA', 'Corte d''Appello', NULL, 'CLAUDIA', 'TARDUCCI', 'OPEROSA', NULL, NULL, NULL, 000022);
INSERT INTO public.nominativi (codice, descrizione, stato, assegnazione, cliente, scadenza, nome, cognome, ditta, telefono, ndoc, tdoc, alt_cod) VALUES (DEFAULT, 'BADGE MARCATEMPO', 'VALIDO', 'PORTINERIA', 'Corte d''Appello', NULL, 'ALDO', 'TRONCONI', 'OPEROSA', NULL, NULL, NULL, 000023);
INSERT INTO public.nominativi (codice, descrizione, stato, assegnazione, cliente, scadenza, nome, cognome, ditta, telefono, ndoc, tdoc, alt_cod) VALUES (DEFAULT, 'BADGE MARCATEMPO', 'VALIDO', 'PORTINERIA', 'Corte d''Appello', NULL, 'ALESSIO', 'SILVESTRI', 'VIVENDA', NULL, NULL, NULL, 000024);
INSERT INTO public.nominativi (codice, descrizione, stato, assegnazione, cliente, scadenza, nome, cognome, ditta, telefono, ndoc, tdoc, alt_cod) VALUES (DEFAULT, 'BADGE MARCATEMPO', 'VALIDO', 'PORTINERIA', 'Corte d''Appello', NULL, 'SAURO', 'INNOCENTI', 'VIVENDA', NULL, NULL, NULL, 000025);
INSERT INTO public.nominativi (codice, descrizione, stato, assegnazione, cliente, scadenza, nome, cognome, ditta, telefono, ndoc, tdoc, alt_cod) VALUES (DEFAULT, 'BADGE MARCATEMPO', 'VALIDO', 'PORTINERIA', 'Corte d''Appello', NULL, 'ALESSIO', 'IANNOTTA', 'VIVENDA', NULL, NULL, NULL, 000026);
INSERT INTO public.nominativi (codice, descrizione, stato, assegnazione, cliente, scadenza, nome, cognome, ditta, telefono, ndoc, tdoc, alt_cod) VALUES (DEFAULT, 'BADGE MARCATEMPO', 'VALIDO', 'PORTINERIA', 'Corte d''Appello', NULL, 'ALESSIO', 'BENUCCI', 'OPEROSA', NULL, NULL, NULL, 000027);
INSERT INTO public.nominativi (codice, descrizione, stato, assegnazione, cliente, scadenza, nome, cognome, ditta, telefono, ndoc, tdoc, alt_cod) VALUES (DEFAULT, 'BADGE MARCATEMPO', 'VALIDO', 'PORTINERIA', 'Corte d''Appello', NULL, 'MARLENY', 'EGAS', 'VIVENDA', NULL, NULL, NULL, 000028);
INSERT INTO public.nominativi (codice, descrizione, stato, assegnazione, cliente, scadenza, nome, cognome, ditta, telefono, ndoc, tdoc, alt_cod) VALUES (DEFAULT, 'BADGE MARCATEMPO', 'VALIDO', 'PORTINERIA', 'Corte d''Appello', NULL, 'GIUSEPPE', 'GRECO', 'VIVENDA', NULL, NULL, NULL, 000029);
INSERT INTO public.nominativi (codice, descrizione, stato, assegnazione, cliente, scadenza, nome, cognome, ditta, telefono, ndoc, tdoc, alt_cod) VALUES (DEFAULT, 'BADGE MARCATEMPO', 'VALIDO', 'PORTINERIA', 'Corte d''Appello', NULL, 'ANGELO', 'IACOPINI', 'VIVENDA', NULL, NULL, NULL, 000030);
INSERT INTO public.nominativi (codice, descrizione, stato, assegnazione, cliente, scadenza, nome, cognome, ditta, telefono, ndoc, tdoc, alt_cod) VALUES (DEFAULT, 'BADGE MARCATEMPO', 'VALIDO', 'PORTINERIA', 'Corte d''Appello', NULL, 'ARMANDO', 'DI RUOCCO', 'VIVENDA', NULL, NULL, NULL, 000031);
INSERT INTO public.nominativi (codice, descrizione, stato, assegnazione, cliente, scadenza, nome, cognome, ditta, telefono, ndoc, tdoc, alt_cod) VALUES (DEFAULT, 'BADGE MARCATEMPO', 'VALIDO', 'PULIZIE', 'Corte d''Appello', NULL, 'RAMONA', 'BROSO', 'VIVENDA', NULL, NULL, NULL, 000032);
INSERT INTO public.nominativi (codice, descrizione, stato, assegnazione, cliente, scadenza, nome, cognome, ditta, telefono, ndoc, tdoc, alt_cod) VALUES (DEFAULT, 'BADGE MARCATEMPO', 'VALIDO', 'PORTINERIA', 'Corte d''Appello', NULL, 'ERIKA', 'GIANFELICI', 'HUMANGEST', NULL, NULL, NULL, 000033);
INSERT INTO public.nominativi (codice, descrizione, stato, assegnazione, cliente, scadenza, nome, cognome, ditta, telefono, ndoc, tdoc, alt_cod) VALUES (DEFAULT, 'BADGE MARCATEMPO', 'VALIDO', 'PORTINERIA', 'Corte d''Appello', NULL, 'STEFANO', 'CANINO', 'HUMANGEST', NULL, NULL, NULL, 000034);
INSERT INTO public.nominativi (codice, descrizione, stato, assegnazione, cliente, scadenza, nome, cognome, ditta, telefono, ndoc, tdoc, alt_cod) VALUES (DEFAULT, 'BADGE MARCATEMPO', 'VALIDO', 'PORTINERIA', 'Corte d''Appello', NULL, 'SARA', 'GREMENTIERI', 'HUMANGEST', NULL, NULL, NULL, 000035);
